"insee_com","lib_com","id_pvd","date_signature"
"10003","Aix-Villemaur-Pâlis","pvd-44-10-1","2021-09-30"
"10006","Arcis-sur-Aube","pvd-44-10-2","2021-07-20"
"10033","Bar-sur-Aube","pvd-44-10-3","2021-07-20"
"10034","Bar-sur-Seine","pvd-44-10-4","2021-07-20"
"10064","Brienne-le-Château","pvd-44-10-5","2021-09-28"
"10080","Chaource","pvd-44-10-6","2021-09-30"
"10140","Ervy-le-Châtel","pvd-44-10-11","2021-09-30"
"10268","Nogent-sur-Seine","pvd-44-10-8","2021-09-06"
"10323","Romilly-sur-Seine","pvd-44-10-9","2021-10-25"
"1033","Valserhône","pvd-84-01-1","2021-03-12"
"1034","Belley","pvd-84-01-2","2021-04-22"
"10401","Vendeuvre-sur-Barse","pvd-44-10-10","2021-07-09"
"10420","Villenauxe-la-Grande","pvd-44-10-12","2021-10-01"
"1072","Ceyzériat","pvd-84-01-3","2022-01-27"
"1074","Chalamont","pvd-84-01-4","2021-03-18"
"11049","Bram","pvd-76-11-1","2021-04-28"
"11076","Castelnaudary","pvd-76-11-2","2021-04-22"
"11091","Chalabre","pvd-76-11-3","2021-07-07"
"11103","Couiza","pvd-76-11-4","2021-07-07"
"11106","Coursan","pvd-76-11-5","2021-07-07"
"11116","Cuxac-d'Aude","pvd-76-11-6","2021-07-07"
"11129","Espéraza","pvd-76-11-7","2021-07-07"
"11170","Gruissan","pvd-76-11-8","2021-07-07"
"11203","Lézignan-Corbières","pvd-76-11-9","2021-07-07"
"11206","Limoux","pvd-76-11-10","2021-07-07"
"11266","Port-la-Nouvelle","pvd-76-11-11","2021-04-09"
"11304","Quillan","pvd-76-11-12","2021-07-07"
"11315","Rieux-Minervois","pvd-76-11-13","2021-07-07"
"11379","Sigean","pvd-76-11-14","2021-07-07"
"11397","Trèbes","pvd-76-11-15","2021-07-07"
"1143","Divonne-les-Bains","pvd-84-01-6","2021-07-01"
"1173","Gex","pvd-84-01-7","2021-07-01"
"1185","Plateau d'Hauteville","pvd-84-01-8","2021-06-01"
"1202","Lagnieu","pvd-84-01-9","2021-05-05"
"12052","Capdenac-Gare","pvd-76-12-1","2021-06-18"
"12056","Baraqueville","pvd-76-12-2","2021-05-04"
"12089","Decazeville","pvd-76-12-3","2021-08-06"
"12094","Entraygues-sur-Truyère","pvd-76-12-4","2021-05-04"
"12096","Espalion","pvd-76-12-5","2021-05-04"
"12119","Laguiole","pvd-76-12-6","2021-08-18"
"12120","Laissac-Sévérac l'Église","pvd-76-12-7","2021-05-26"
"12138","Marcillac-Vallon","pvd-76-12-8","2021-04-19"
"12164","Mur-de-Barrez","pvd-76-12-9","2021-08-18"
"12169","Naucelle","pvd-76-12-10","2021-05-04"
"12185","Pont-de-Salars","pvd-76-12-11","2021-05-10"
"12197","Réquista","pvd-76-12-12","2021-04-20"
"12198","Rieupeyroux","pvd-76-12-13","2021-05-17"
"12199","Rignac","pvd-76-12-14","2021-05-04"
"12208","Saint-Affrique","pvd-76-12-15","2021-06-23"
"12209","Saint-Amans-des-Cots","pvd-76-12-16","2021-08-18"
"12224","Saint Geniez d'Olt et d'Aubrac","pvd-76-12-17","2021-05-26"
"12270","Sévérac d'Aveyron","pvd-76-12-18","2021-05-26"
"12298","Villecomtal","pvd-76-12-19","2021-05-04"
"1244","Meximieux","pvd-84-01-10","2021-05-05"
"1265","Montréal-la-Cluse","pvd-84-01-11","2021-06-01"
"1266","Montrevel-en-Bresse","pvd-84-01-12","2022-01-27"
"1269","Nantua","pvd-84-01-24","2021-06-01"
"13014","Berre-l'Étang","pvd-93-13-1","2021-07-19"
"13027","Châteaurenard","pvd-93-13-2","2021-05-07"
"1303","Poncin","pvd-84-01-14","2021-04-22"
"1304","Pont-d'Ain","pvd-84-01-15","2021-04-22"
"1305","Pont-de-Vaux","pvd-84-01-16","2021-03-22"
"13050","Lambesc","pvd-93-13-3","2021-07-05"
"1306","Pont-de-Veyle","pvd-84-01-17","2021-04-08"
"13078","Port-Saint-Louis-du-Rhône","pvd-93-13-4","2021-07-27"
"13084","La Roque-d'Anthéron","pvd-93-13-10","2021-06-10"
"13097","Saint-Martin-de-Crau","pvd-93-13-6","2022-04-20"
"13100","Saint-Rémy-de-Provence","pvd-93-13-7","2021-08-19"
"13105","Sénas","pvd-93-13-8","2021-07-27"
"13110","Trets","pvd-93-13-9","2021-07-27"
"1333","Saint-André-de-Corcy","pvd-84-01-18","2021-03-18"
"1350","Saint-Étienne-du-Bois","pvd-84-01-19","2022-01-27"
"1388","Saint-Trivier-de-Courtes","pvd-84-01-20","2022-01-27"
"14027","Les Monts d'Aunay","pvd-28-14-1","2021-04-28"
"14035","Balleroy-sur-Drôme","pvd-28-14-2","2021-05-07"
"14047","Bayeux","pvd-28-14-3","2021-04-06"
"14061","Souleuvre en Bocage","pvd-28-14-4","2021-04-30"
"14098","Thue et Mue","pvd-28-14-5","2021-07-23"
"14100","Bretteville-sur-Laize","pvd-28-14-6","2021-07-09"
"14126","Cambremer","pvd-28-14-7","2021-05-05"
"14143","Caumont-sur-Aure","pvd-28-14-8","2021-04-28"
"14174","Condé-en-Normandie","pvd-28-14-9","2021-04-30"
"14191","Courseulles-sur-Mer","pvd-28-14-10","2021-04-29"
"1420","Thoissey","pvd-84-01-21","2021-10-04"
"14200","Creully sur Seulles","pvd-28-14-11","2021-05-07"
"14225","Dives-sur-Mer","pvd-28-14-12","2021-05-05"
"14228","Douvres-la-Délivrande","pvd-28-14-13","2021-04-29"
"14229","Dozulé","pvd-28-14-14","2021-05-05"
"14257","Évrecy","pvd-28-14-15","2021-04-27"
"14258","Falaise","pvd-28-14-16","2021-05-06"
"14312","Grandcamp-Maisy","pvd-28-14-17","2021-05-07"
"14333","Honfleur","pvd-28-14-18","2021-05-05"
"14342","Isigny-sur-Mer","pvd-28-14-19","2021-05-07"
"14370","Le Molay-Littry","pvd-28-14-20","2021-05-07"
"14371","Livarot-Pays-d'Auge","pvd-28-14-21","2021-05-05"
"14384","Luc-sur-Mer","pvd-28-14-22","2021-04-29"
"1443","Villars-les-Dombes","pvd-84-01-22","2021-03-18"
"14431","Mézidon Vallée d'Auge","pvd-28-14-23","2021-05-05"
"14478","Orbec","pvd-28-14-24","2021-05-05"
"14488","Ouistreham","pvd-28-14-25","2021-07-23"
"14514","Pont-l'Évêque","pvd-28-14-26","2021-05-05"
"14515","Port-en-Bessin-Huppain","pvd-28-14-27","2021-04-06"
"14516","Potigny","pvd-28-14-28","2021-05-06"
"1457","Vonnas","pvd-84-01-23","2021-04-08"
"14654","Saint-Pierre-en-Auge","pvd-28-14-29","2021-05-05"
"14658","Noues de Sienne","pvd-28-14-30","2021-04-30"
"14689","Thury-Harcourt-le-Hom","pvd-28-14-31","2021-07-09"
"14692","Tilly-sur-Seulles","pvd-28-14-32","2021-05-07"
"14711","Trévières","pvd-28-14-33","2021-05-07"
"14726","Valdallière","pvd-28-14-34","2021-04-30"
"14752","Villers-Bocage","pvd-28-14-35","2021-04-28"
"14754","Villers-sur-Mer","pvd-28-14-36","2021-05-05"
"14764","Pont-d'Ouilly","pvd-28-14-37","2021-05-06"
"15001","Allanche","pvd-84-15-1","2021-04-30"
"15045","Chaudes-Aigues","pvd-84-15-2","2021-04-17"
"15054","Condat","pvd-84-15-3","2021-04-07"
"15083","Jussac","pvd-84-15-4","2021-09-15"
"15094","Laroquebrou","pvd-84-15-5","2021-05-29"
"15119","Massiac","pvd-84-15-6","2021-04-30"
"15120","Mauriac","pvd-84-15-7","2021-09-07"
"15122","Maurs","pvd-84-15-8","2021-05-29"
"15134","Montsalvy","pvd-84-15-9","2021-05-29"
"15138","Murat","pvd-84-15-10","2021-04-30"
"15140","Naucelles","pvd-84-15-11","2021-09-15"
"15141","Neussargues en Pinatelle","pvd-84-15-12","2021-04-30"
"15152","Pierrefort","pvd-84-15-13","2021-04-17"
"15153","Pleaux","pvd-84-15-14","2021-09-16"
"15162","Riom-ès-Montagnes","pvd-84-15-15","2021-04-07"
"15175","Saint-Cernin","pvd-84-15-16","2021-09-16"
"15187","Saint-Flour","pvd-84-15-17","2021-04-17"
"15202","Saint-Martin-Valmeroux","pvd-84-15-18","2021-09-16"
"15204","Saint-Paul-des-Landes","pvd-84-15-19","2021-09-15"
"15215","Saint-Simon","pvd-84-15-20","2021-09-15"
"15221","Sansac-de-Marmiesse","pvd-84-15-21","2021-09-15"
"15255","Vézac","pvd-84-15-22","2021-09-15"
"15258","Vic-sur-Cère","pvd-84-15-23","2021-07-22"
"15265","Ydes","pvd-84-15-24","2021-04-23"
"15267","Ytrac","pvd-84-15-25","2021-09-15"
"15268","Le Rouget-Pers","pvd-84-15-26","2021-05-29"
"16005","Aigre","pvd-75-16-1","2021-04-07"
"16028","Barbezieux-Saint-Hilaire","pvd-75-16-2","2021-04-07"
"16073","Chalais","pvd-75-16-3","2021-04-07"
"16090","Châteauneuf-sur-Charente","pvd-75-16-4","2021-04-07"
"16106","Confolens","pvd-75-16-5","2021-04-07"
"16167","Jarnac","pvd-75-16-17","2021-04-07"
"16192","Terres-de-Haute-Charente","pvd-75-16-7","2021-04-07"
"16206","Mansle-les-Fontaines","pvd-75-16-14","2021-04-07"
"16223","Montbron","pvd-75-16-9","2021-04-07"
"16230","Montmoreau","pvd-75-16-15","2021-04-07"
"16281","La Rochefoucauld-en-Angoumois","pvd-75-16-19","2021-04-07"
"16286","Rouillac","pvd-75-16-12","2021-04-07"
"16292","Ruffec","pvd-75-16-13","2021-04-07"
"16366","Segonzac","pvd-75-16-18","2021-04-07"
"16408","Villebois-Lavalette","pvd-75-16-16","2021-04-07"
"17024","Aulnay","pvd-75-17-1","2021-04-21"
"17127","Courçon","pvd-75-17-2","2021-03-31"
"17172","Gémozac","pvd-75-17-3","2021-06-30"
"17197","Jonzac","pvd-75-17-4","2021-04-14"
"17218","Marans","pvd-75-17-5","2021-03-31"
"17219","Marennes-Hiers-Brouage","pvd-75-17-6","2021-07-08"
"17224","Matha","pvd-75-17-7","2021-04-21"
"17236","Mirambeau","pvd-75-17-22","2021-04-14"
"17240","Montendre","pvd-75-17-23","2021-04-14"
"17241","Montguyon","pvd-75-17-24","2021-04-14"
"17283","Pons","pvd-75-17-25","2021-04-14"
"17284","Pont-l'Abbé-d'Arnoult","pvd-75-17-12","2021-08-07"
"17309","Saint-Aigulin","pvd-75-17-26","2021-04-14"
"17331","Saint-Genis-de-Saintonge","pvd-75-17-27","2021-04-14"
"17347","Saint-Jean-d'Angély","pvd-75-17-15","2021-04-21"
"17385","Saint-Pierre-d'Oléron","pvd-75-17-16","2021-05-10"
"17387","Saint-Porchaire","pvd-75-17-21","2021-08-07"
"17397","Saint-Savinien","pvd-75-17-18","2021-04-21"
"17421","Saujon","pvd-75-17-19","2021-07-21"
"17434","Surgères","pvd-75-17-20","2021-04-20"
"18003","Les Aix-d'Angillon","pvd-24-18-1","2021-04-12"
"18015","Aubigny-sur-Nère","pvd-24-18-2","2021-04-12"
"18018","Avord","pvd-24-18-3","2021-12-10"
"18023","Baugy","pvd-24-18-21","2021-12-10"
"18057","Châteaumeillant","pvd-24-18-5","2021-06-17"
"18058","Châteauneuf-sur-Cher","pvd-24-18-6","2022-01-17"
"18087","Dun-sur-Auron","pvd-24-18-7","2021-12-10"
"18108","La Guerche-sur-l'Aubois","pvd-24-18-8","2021-08-30"
"18109","Henrichemont","pvd-24-18-18","2021-04-12"
"18127","Lignières","pvd-24-18-10","2022-01-17"
"18141","Mehun-sur-Yèvre","pvd-24-18-11","2021-08-30"
"18197","Saint-Amand-Montrond","pvd-24-18-12","2021-04-12"
"18207","Saint-Florent-sur-Cher","pvd-24-18-13","2021-08-30"
"18223","Saint-Martin-d'Auxigny","pvd-24-18-19","2021-04-12"
"18233","Saint-Satur","pvd-24-18-15","2021-04-12"
"18241","Sancerre","pvd-24-18-20","2021-04-12"
"18242","Sancoins","pvd-24-18-17","2021-11-02"
"19010","Argentat-sur-Dordogne","pvd-75-19-1","2021-04-29"
"19011","Arnac-Pompadour","pvd-75-19-2","2021-07-08"
"19019","Beaulieu-sur-Dordogne","pvd-75-19-3","2021-05-26"
"19023","Beynat","pvd-75-19-15","2021-05-26"
"19028","Bort-les-Orgues","pvd-75-19-5","2021-05-19"
"19036","Chamberet","pvd-75-19-6","2021-05-28"
"19073","Égletons","pvd-75-19-7","2021-04-26"
"19121","Lubersac","pvd-75-19-14","2021-07-08"
"19138","Meyssac","pvd-75-19-16","2021-05-26"
"19148","Neuvic","pvd-75-19-17","2021-05-19"
"19269","Treignac","pvd-75-19-18","2021-05-28"
"19275","Ussel","pvd-75-1923-10","2021-05-19"
"19276","Uzerche","pvd-75-19-13","2021-07-09"
"2018","Anizy-le-Grand","pvd-32-02-1","2021-09-24"
"2095","Bohain-en-Vermandois","pvd-32-02-2","2021-05-17"
"21023","Arnay-le-Duc","pvd-27-21-1","2021-12-09"
"21038","Auxonne","pvd-27-21-2","2021-07-21"
"2110","Braine","pvd-32-02-3","2021-09-22"
"21103","Brazey-en-Plaine","pvd-27-21-3","2020-01-15"
"21154","Châtillon-sur-Seine","pvd-27-21-4","2021-12-10"
"21292","Genlis","pvd-27-21-5","2021-06-24"
"21317","Is-sur-Tille","pvd-27-21-6","2021-08-03"
"2141","La Capelle","pvd-32-02-4","2021-04-30"
"21425","Montbard","pvd-27-21-7","2021-06-18"
"21501","Pouilly-en-Auxois","pvd-27-21-8","2021-08-03"
"21554","Saint-Jean-de-Losne","pvd-27-21-9","2020-01-15"
"21584","Saulieu","pvd-27-21-10","2021-08-03"
"21603","Semur-en-Auxois","pvd-27-21-11","2021-11-24"
"21607","Seurre","pvd-27-21-12","2020-01-15"
"21663","Venarey-les-Laumes","pvd-27-21-13","2021-08-03"
"21710","Vitteaux","pvd-27-21-14","2021-11-24"
"2173","Chauny","pvd-32-02-5","2021-04-29"
"22004","Bégard","pvd-53-22-1","2021-04-22"
"22020","Broons","pvd-53-22-2","2021-03-24"
"22025","Callac","pvd-53-22-3","2021-04-22"
"22032","Caulnes","pvd-53-22-4","2021-03-24"
"22050","Dinan","pvd-53-22-5","2021-03-24"
"22070","Guingamp","pvd-53-22-6","2021-04-22"
"22084","Jugon-les-Lacs","pvd-53-22-7","2021-03-01"
"22093","Lamballe-Armor","pvd-53-22-8","2021-03-01"
"22121","Lanvollon","pvd-53-22-9","2021-05-27"
"22136","Loudéac","pvd-53-22-10","2021-02-08"
"22137","Maël-Carhaix","pvd-53-22-11","2021-04-08"
"22143","Matignon","pvd-53-22-12","2021-03-24"
"22147","Merdrignac","pvd-53-22-13","2021-02-08"
"22158","Guerlédan","pvd-53-22-14","2021-02-08"
"22162","Paimpol","pvd-53-22-15","2021-04-22"
"22172","Plancoët","pvd-53-22-16","2021-03-24"
"22183","Plémet","pvd-53-22-17","2021-02-08"
"22194","Plestin-les-Grèves","pvd-53-22-18","2021-03-24"
"22203","Plœuc-L'Hermitage","pvd-53-22-19",
"22206","Châtelaudren-Plouagat","pvd-53-22-20","2021-05-27"
"22207","Plouaret","pvd-53-22-21","2021-03-24"
"22222","Plouha","pvd-53-22-22","2021-05-27"
"22262","Quintin","pvd-53-22-23",
"22266","Rostrenen","pvd-53-22-24","2021-04-08"
"22321","Saint-Nicolas-du-Pélem","pvd-53-22-25","2021-04-08"
"22362","Tréguier","pvd-53-22-26","2021-03-24"
"23001","Ahun","pvd-75-23-1","2021-08-24"
"23008","Aubusson","pvd-75-23-2","2021-08-24"
"23013","Auzances","pvd-75-23-3","2021-08-24"
"23021","Bénévent-l'Abbaye","pvd-75-23-4","2021-08-24"
"23025","Bonnat","pvd-75-23-5","2021-08-24"
"23030","Bourganeuf","pvd-75-23-6","2021-08-24"
"23031","Boussac","pvd-75-23-7","2021-08-24"
"2304","La Fère","pvd-32-02-6","2021-04-29"
"23045","Chambon-sur-Voueize","pvd-75-23-8","2021-08-24"
"2305","Fère-en-Tardenois","pvd-32-02-7","2021-06-25"
"23061","Chénérailles","pvd-75-23-9","2021-08-24"
"23067","La Courtine","pvd-75-1923-11","2021-05-19"
"23069","Crocq","pvd-75-23-11","2021-08-24"
"2307","La Ferté-Milon","pvd-32-02-8","2021-05-19"
"23070","Crozant","pvd-75-23-12","2021-08-24"
"23075","Dun-le-Palestel","pvd-75-23-13","2021-08-24"
"23076","Évaux-les-Bains","pvd-75-23-14","2021-08-24"
"23079","Felletin","pvd-75-23-15","2021-08-24"
"23089","Genouillac","pvd-75-23-16","2021-08-24"
"23093","Gouzon","pvd-75-23-17","2021-08-24"
"23100","Jarnages","pvd-75-23-18","2021-09-06"
"23105","Lavaveix-les-Mines","pvd-75-23-19","2021-08-24"
"23131","Mérinchal","pvd-75-23-20","2021-08-24"
"23176","La Souterraine","pvd-75-23-21","2021-08-31"
"23247","Saint-Vaury","pvd-75-23-22","2021-09-02"
"2334","Fresnoy-le-Grand","pvd-32-02-9","2021-05-17"
"2360","Villeneuve-sur-Aisne","pvd-32-02-10","2021-05-17"
"2361","Guise","pvd-32-02-11","2021-04-15"
"2381","Hirson","pvd-32-02-12","2021-04-26"
"24028","Beaumontois en Périgord","pvd-75-24-1","2021-04-16"
"24035","Pays de Belvès","pvd-75-24-2","2021-03-09"
"24064","Brantôme en Périgord","pvd-75-24-3","2021-03-25"
"24068","Le Buisson-de-Cadouin","pvd-75-24-21","2021-04-16"
"24164","Excideuil","pvd-75-24-5","2021-03-29"
"24167","Eymet","pvd-75-24-6","2021-03-31"
"24212","Issigeac","pvd-75-24-7","2021-03-31"
"24223","Lalinde","pvd-75-24-22","2021-04-16"
"24227","Lanouaille","pvd-75-24-9","2021-03-29"
"24294","Montpon-Ménestérol","pvd-75-24-10","2021-04-08"
"24299","Mussidan","pvd-75-24-11","2021-02-26"
"2430","Liesse-Notre-Dame","pvd-32-02-13","2021-05-17"
"24311","Nontron","pvd-75-24-12","2021-03-16"
"24352","Ribérac","pvd-75-24-13","2021-03-26"
"24354","La Roche-Chalais","pvd-75-24-14","2021-03-29"
"24376","Saint Aulaye-Puymangou","pvd-75-24-23","2021-03-29"
"24396","Saint-Cyprien","pvd-75-24-16","2021-03-09"
"24520","Sarlat-la-Canéda","pvd-75-24-17","2021-02-18"
"24547","Terrasson-Lavilledieu","pvd-75-24-18","2021-03-26"
"24550","Thenon","pvd-75-24-19","2021-03-26"
"24551","Thiviers","pvd-75-24-20","2021-03-29"
"2468","Marle","pvd-32-02-14","2021-09-24"
"2502","Montcornet","pvd-32-02-15","2021-06-01"
"25022","Arcey","pvd-27-25-1","2021-07-23"
"25047","Baume-les-Dames","pvd-27-25-2","2021-03-31"
"25156","Pays-de-Clerval","pvd-27-25-3","2021-07-23"
"25237","Fesches-le-Châtel","pvd-27-25-4","2021-06-30"
"25259","Frasne","pvd-27-25-5","2021-03-16"
"25315","L'Isle-sur-le-Doubs","pvd-27-25-6","2021-07-23"
"25334","Levier","pvd-27-25-7","2021-05-04"
"25411","Morteau","pvd-27-25-8","2021-06-15"
"2543","Neuilly-Saint-Front","pvd-32-02-16","2021-06-25"
"25434","Ornans","pvd-27-25-9","2021-05-28"
"25463","Pont-de-Roide-Vermondans","pvd-27-25-10","2021-06-30"
"25475","Quingey","pvd-27-25-11","2021-05-28"
"25505","Rougemont","pvd-27-25-12","2021-07-23"
"25512","Le Russey","pvd-27-25-13","2021-04-21"
"25578","Valdahon","pvd-27-25-14","2021-04-09"
"2558","Le Nouvion-en-Thiérache","pvd-32-02-17","2021-04-30"
"2602","Pinon","pvd-32-02-18","2021-09-24"
"26063","Buis-les-Baronnies","pvd-84-26-1","2021-12-06"
"26074","La Chapelle-en-Vercors","pvd-84-26-2","2021-12-20"
"26095","Cléon-d'Andran","pvd-84-26-3","2021-12-15"
"26108","Crest","pvd-84-26-4","2021-12-24"
"26113","Die","pvd-84-26-5","2021-09-09"
"26114","Dieulefit","pvd-84-26-6","2021-09-22"
"26165","Livron-sur-Drôme","pvd-84-26-7","2021-10-29"
"26166","Loriol-sur-Drôme","pvd-84-26-14","2021-10-29"
"26220","Nyons","pvd-84-26-9","2021-12-06"
"26301","Saint-Donat-sur-l'Herbasse","pvd-84-26-10","2022-01-07"
"26307","Saint-Jean-en-Royans","pvd-84-26-13","2021-12-20"
"26333","Saint-Vallier","pvd-84-26-12","2022-03-10"
"2666","Rozoy-sur-Serre","pvd-32-02-19","2021-06-01"
"2676","Saint-Erme-Outre-et-Ramecourt","pvd-32-02-20","2021-05-17"
"27016","Les Andelys","pvd-28-27-1","2021-04-21"
"27022","Le Val d'Hazey","pvd-28-27-2","2021-04-21"
"27049","Mesnil-en-Ouche","pvd-28-27-3","2021-04-21"
"27051","Beaumont-le-Roger","pvd-28-27-4","2021-04-21"
"27056","Bernay","pvd-28-27-5","2021-04-21"
"27065","Beuzeville","pvd-28-27-6","2021-05-05"
"27103","Bourg-Achard","pvd-28-27-7","2021-04-21"
"27105","Grand Bourgtheroulde","pvd-28-27-8","2021-04-21"
"27112","Breteuil","pvd-28-27-9","2021-04-21"
"27116","Brionne","pvd-28-27-10","2021-04-21"
"27117","Broglie","pvd-28-27-11","2021-04-21"
"27151","Charleval","pvd-28-27-12","2021-04-21"
"27165","Conches-en-Ouche","pvd-28-27-13","2021-04-21"
"27170","Cormeilles","pvd-28-27-14","2021-04-21"
"27198","Mesnils-sur-Iton","pvd-28-27-15","2021-04-21"
"2720","Sissonne","pvd-32-02-21","2021-05-17"
"27213","Vexin-sur-Epte","pvd-28-27-16","2021-04-21"
"27226","Étrépagny","pvd-28-27-17","2021-04-21"
"27230","Ézy-sur-Eure","pvd-28-27-18","2021-04-21"
"27246","Fleury-sur-Andelle","pvd-28-27-19","2021-04-21"
"27275","Gaillon","pvd-28-27-20","2021-04-21"
"27279","Gasny","pvd-28-27-21","2021-04-21"
"27284","Gisors","pvd-28-27-22","2021-04-21"
"27355","Ivry-la-Bataille","pvd-28-27-23","2021-04-21"
"27377","Lyons-la-Forêt","pvd-28-27-24","2021-04-21"
"2738","Tergnier","pvd-32-02-22","2021-04-29"
"27413","Montfort-sur-Risle","pvd-28-27-25","2021-04-21"
"27428","Le Neubourg","pvd-28-27-26","2021-04-21"
"27438","Nonancourt","pvd-28-27-27","2021-04-21"
"27448","Pacy-sur-Eure","pvd-28-27-28","2021-04-21"
"27467","Pont-Audemer","pvd-28-27-29","2021-04-21"
"27469","Pont-de-l'Arche","pvd-28-27-30","2021-04-21"
"27470","Pont-Saint-Pierre","pvd-28-27-31","2021-04-21"
"27493","Romilly-sur-Andelle","pvd-28-27-32","2021-04-21"
"27502","Rugles","pvd-28-27-33","2021-04-21"
"27507","Saint-André-de-l'Eure","pvd-28-27-34","2021-04-21"
"2758","Vailly-sur-Aisne","pvd-32-02-23","2021-09-22"
"27629","Thiberville","pvd-28-27-35","2021-04-21"
"27679","Verneuil d'Avre et d'Iton","pvd-28-27-36","2021-04-21"
"2789","Vervins","pvd-32-02-24","2021-04-30"
"28018","Authon-du-Perche","pvd-24-28-1","2021-09-15"
"28027","La Bazoche-Gouet","pvd-24-28-2","2022-09-26"
"28059","Brezolles","pvd-24-28-3","2021-07-05"
"28061","Brou","pvd-24-28-4","2022-09-26"
"28089","Châteauneuf-en-Thymerais","pvd-24-28-5","2021-07-05"
"2810","Villers-Cotterêts","pvd-32-02-25","2021-05-19"
"28116","Courville-sur-Eure","pvd-24-28-7","2022-11-02"
"28140","Épernon","pvd-24-28-8","2022-03-14"
"28149","La Ferté-Vidame","pvd-24-28-9","2021-09-15"
"28196","Illiers-Combray","pvd-24-28-10","2022-11-02"
"28199","Janville-en-Beauce","pvd-24-28-11","2021-11-24"
"28214","La Loupe","pvd-24-28-12","2021-09-15"
"28279","Nogent-le-Roi","pvd-24-28-13","2022-03-14"
"28348","Saint-Lubin-des-Joncherets","pvd-24-28-14","2021-07-05"
"28373","Senonches","pvd-24-28-15","2021-09-15"
"28387","Thiron-Gardais","pvd-24-28-20","2021-09-15"
"28391","Toury","pvd-24-28-19","2021-11-24"
"28393","Tremblay-les-Villages","pvd-24-28-18","2021-07-05"
"29003","Audierne","pvd-53-29-1","2021-04-20"
"29020","Briec","pvd-53-29-2","2021-07-21"
"29024","Carhaix-Plouguer","pvd-53-29-3","2021-04-14"
"29026","Châteaulin","pvd-53-29-4","2021-04-01"
"29027","Châteauneuf-du-Faou","pvd-53-29-5","2021-03-18"
"29039","Concarneau","pvd-53-29-31","2022-05-12"
"29042","Crozon","pvd-53-29-6","2021-03-18"
"29043","Daoulas","pvd-53-29-7","2021-03-18"
"29046","Douarnenez","pvd-53-29-8","2021-04-14"
"29053","Le Faou","pvd-53-29-9","2021-03-18"
"29055","Le Folgoët","pvd-53-29-10","2021-05-07"
"29072","Guilvinec","pvd-53-29-35","2023-04-05"
"29081","Huelgoat","pvd-53-29-34","2022-03-15"
"29103","Landerneau","pvd-53-29-11","2021-03-18"
"29105","Landivisiau","pvd-53-29-12","2021-03-18"
"29117","Lannilis","pvd-53-29-13","2021-05-07"
"29124","Lesneven","pvd-53-29-14","2021-05-07"
"29135","Loctudy","pvd-53-29-36","2023-04-05"
"29158","Penmarch","pvd-53-29-37","2023-04-05"
"29160","Plabennec","pvd-53-29-15","2021-05-07"
"29162","Pleyben","pvd-53-29-16","2021-04-01"
"29163","Pleyber-Christ","pvd-53-29-17","2021-05-20"
"29165","Plobannalec-Lesconil","Pvd-53-29-38","2023-04-05"
"29178","Ploudalmézeau","pvd-53-29-18","2021-05-07"
"29195","Plouguerneau","pvd-53-29-19","2021-05-07"
"29197","Plouhinec","pvd-53-29-20","2021-04-20"
"29199","Plouigneau","pvd-53-29-21","2021-05-20"
"29210","Plouvorn","pvd-53-29-22","2021-03-18"
"29217","Pont-Aven","pvd-53-29-32","2022-05-12"
"29220","Pont-l'Abbé","pvd-53-29-23","2021-04-14"
"29233","Quimperlé","pvd-53-29-24","2021-03-29"
"29241","Rosporden","pvd-53-29-25","2021-04-20"
"29259","Saint-Pol-de-Léon","pvd-53-29-26","2021-03-18"
"29260","Saint-Renan","pvd-53-29-27","2021-05-07"
"29274","Scaër","pvd-53-29-28","2021-03-29"
"29277","Sizun","pvd-53-29-29","2021-03-18"
"29284","Treffiagat","pvd-53-29-39","2023-04-05"
"29293","Trégunc","pvd-53-29-33","2022-05-12"
"29302","Pont-de-Buis-lès-Quimerch","pvd-53-29-30","2021-03-18"
"2A041","Bonifacio","pvd-94-2A-1","2021-03-30"
"2A228","Pietrosella","pvd-94-2A-2","2022-07-28"
"2A247","Porto-Vecchio","pvd-94-2A-7","2021-03-30"
"2A249","Propriano","pvd-94-2A-4","2021-03-19"
"2A272","Sartène","pvd-94-2A-8","2021-03-19"
"2A348","Vico","pvd-94-2A-6","2021-10-15"
"2B050","Calvi","pvd-94-2B-1","2021-05-26"
"2B096","Corte","pvd-94-2B-2","2021-04-26"
"2B123","Ghisonaccia","pvd-94-2B-3","2021-06-30"
"2B134","L'Île-Rousse","pvd-94-2B-4","2021-05-26"
"2B152","Luri","pvd-94-2B-5","2021-06-29"
"2B298","Saint-Florent","pvd-94-2B-6","2021-05-26"
"30003","Aigues-Mortes","pvd-76-30-1","2021-07-20"
"30010","Anduze","pvd-76-30-2","2021-07-20"
"30012","Aramon","pvd-76-30-3","2021-07-20"
"30029","Barjac","pvd-76-30-4","2021-07-20"
"30032","Beaucaire","pvd-76-30-5","2021-07-20"
"30034","Bellegarde","pvd-76-30-6","2021-07-20"
"30062","Calvisson","pvd-76-30-7","2021-07-20"
"30132","La Grand-Combe","pvd-76-30-8","2021-07-20"
"30133","Le Grau-du-Roi","pvd-76-30-9","2021-07-20"
"30202","Pont-Saint-Esprit","pvd-76-30-10","2021-07-20"
"30210","Quissac","pvd-76-30-11","2021-07-20"
"30212","Remoulins","pvd-76-30-12","2021-07-20"
"30221","Roquemaure","pvd-76-30-13","2021-07-20"
"30227","Saint-Ambroix","pvd-76-30-14","2021-07-20"
"30258","Saint-Gilles","pvd-76-30-15","2021-07-20"
"30259","Saint-Hilaire-de-Brethmas","pvd-76-30-16","2021-07-20"
"30263","Saint-Hippolyte-du-Fort","pvd-76-30-17","2021-07-20"
"30269","Saint-Jean-du-Gard","pvd-76-30-18","2021-07-20"
"30321","Sommières","pvd-76-30-19","2021-07-20"
"30341","Vauvert","pvd-76-30-20","2021-07-20"
"30350","Le Vigan","pvd-76-30-21","2021-07-20"
"3036","Bourbon-l'Archambault","pvd-84-03-1","2021-03-24"
"3043","Broût-Vernet","pvd-84-03-2","2021-04-02"
"3082","Commentry","pvd-84-03-3","2021-04-15"
"3084","Cosne-d'Allier","pvd-84-03-16","2021-04-15"
"3102","Dompierre-sur-Besbre","pvd-84-03-5","2021-05-12"
"31020","Aspet","pvd-76-31-1","2021-06-08"
"31028","Aurignac","pvd-76-31-2","2021-06-08"
"31033","Auterive","pvd-76-31-3","2021-06-08"
"31042","Bagnères-de-Luchon","pvd-76-31-4","2021-06-08"
"31080","Boulogne-sur-Gesse","pvd-76-31-5","2021-06-08"
"31098","Cadours","pvd-76-31-6","2021-06-08"
"31106","Caraman","pvd-76-31-7","2021-06-08"
"31107","Carbonne","pvd-76-31-8","2021-06-08"
"31135","Cazères","pvd-76-31-9","2021-06-08"
"3118","Gannat","pvd-84-03-6","2021-04-30"
"31202","Fronton","pvd-76-31-10","2021-06-08"
"31232","Grenade","pvd-76-31-11","2021-06-08"
"31239","L'Isle-en-Dodon","pvd-76-31-12","2021-06-08"
"3128","Huriel","pvd-84-03-7","2021-03-30"
"31324","Martres-Tolosane","pvd-76-31-13","2021-06-08"
"3138","Lapalisse","pvd-84-03-8","2021-03-25"
"31396","Nailloux","pvd-76-31-19","2022-10-22"
"31454","Rieumes","pvd-76-31-14","2021-06-08"
"31503","Saint-Martory","pvd-76-31-15","2021-06-08"
"31523","Salies-du-Salat","pvd-76-31-16","2021-06-08"
"31582","Villefranche-de-Lauragais","pvd-76-31-17","2021-06-08"
"31584","Villemur-sur-Tarn","pvd-76-31-18","2021-06-08"
"3161","Marcillat-en-Combraille","pvd-84-03-9","2021-05-05"
"3186","Montmarault","pvd-84-03-17","2021-04-15"
"3195","Néris-les-Bains","pvd-84-03-18","2021-04-15"
"32079","Castelnau d'Auzan Labarrère","pvd-76-32-1","2021-05-25"
"32096","Cazaubon","pvd-76-32-2","2021-05-25"
"32106","Cologne","pvd-76-32-3","2021-06-16"
"32107","Condom","pvd-76-32-4","2021-05-31"
"32119","Eauze","pvd-76-32-5","2021-05-25"
"32132","Fleurance","pvd-76-32-6","2021-05-06"
"32147","Gimont","pvd-76-32-7","2021-04-15"
"32160","L'Isle-Jourdain","pvd-76-32-8","2021-05-07"
"32208","Lectoure","pvd-76-32-9","2021-05-06"
"32213","Lombez","pvd-76-32-10","2021-05-25"
"32233","Marciac","pvd-76-32-11","2021-05-15"
"32242","Masseube","pvd-76-32-12","2021-06-10"
"32249","Mauvezin","pvd-76-32-13","2021-06-16"
"32252","Miélan","pvd-76-32-14","2021-05-10"
"32256","Mirande","pvd-76-32-15","2021-05-10"
"32285","Montesquiou","pvd-76-32-16","2021-05-10"
"32296","Nogaro","pvd-76-32-17","2021-05-25"
"32319","Plaisance","pvd-76-32-18","2021-05-12"
"32344","Riscle","pvd-76-32-19","2021-05-12"
"3236","Saint-Germain-des-Fossés","pvd-84-03-13","2021-04-02"
"32370","Saint-Clar","pvd-76-32-20","2021-06-16"
"32410","Samatan","pvd-76-32-21","2021-05-25"
"32426","Seissan","pvd-76-32-22","2021-06-10"
"32459","Valence-sur-Baïse","pvd-76-32-23","2021-05-31"
"32462","Vic-Fezensac","pvd-76-32-24","2021-06-03"
"3254","Saint-Pourçain-sur-Sioule","pvd-84-03-14","2021-03-30"
"3292","Tronget","pvd-84-03-19","2023-01-25"
"3298","Varennes-sur-Allier","pvd-84-03-15","2021-04-16"
"33036","Bazas","pvd-75-33-1","2021-04-30"
"33042","Belin-Béliet","pvd-75-33-2","2021-04-09"
"33058","Blaye","pvd-75-33-3","2021-04-16"
"33067","Bourg","pvd-75-33-4","2021-04-16"
"33081","Cadillac-sur-Garonne","pvd-75-33-5","2021-05-25"
"33108","Castillon-la-Bataille","pvd-75-33-6","2021-05-25"
"33138","Coutras","pvd-75-33-7","2021-04-14"
"33140","Créon","pvd-75-33-8","2021-04-09"
"33227","Langon","pvd-75-33-9","2021-03-31"
"33240","Lesparre-Médoc","pvd-75-33-10","2021-03-29"
"33314","Pauillac","pvd-75-33-11","2021-03-29"
"33327","Podensac","pvd-75-33-12",
"33352","La Réole","pvd-75-33-13","2021-04-09"
"33366","Saint-André-de-Cubzac","pvd-75-33-14","2021-04-16"
"33389","Saint-Ciers-sur-Gironde","pvd-75-33-15","2021-04-14"
"33402","Sainte-Foy-la-Grande","pvd-75-33-16","2021-04-15"
"34028","Bédarieux","pvd-76-34-1","2021-07-12"
"34069","Cazouls-lès-Béziers","pvd-76-34-2","2021-07-28"
"34079","Clermont-l'Hérault","pvd-76-34-3","2021-05-28"
"34081","Colombiers","pvd-76-34-4","2021-07-28"
"34101","Florensac","pvd-76-34-5","2021-05-20"
"34111","Ganges","pvd-76-34-6","2021-07-05"
"34114","Gignac","pvd-76-34-7","2021-07-02"
"34142","Lodève","pvd-76-34-8","2021-03-26"
"34143","Loupian","pvd-76-34-9","2021-07-08"
"34147","Magalas","pvd-76-34-10","2021-05-19"
"34150","Marseillan","pvd-76-34-11","2021-07-08"
"34162","Montagnac","pvd-76-34-12","2021-05-20"
"34189","Olonzac","pvd-76-34-13","2021-07-06"
"34199","Pézenas","pvd-76-34-14","2021-05-20"
"34239","Saint-André-de-Sangonis","pvd-76-34-15","2021-07-02"
"34245","Saint-Chinian","pvd-76-34-16","2021-07-06"
"34284","Saint-Pons-de-Thomières","pvd-76-34-18","2021-07-06"
"34293","La Salvetat-sur-Agout","pvd-76-34-19","2021-04-29"
"35004","Val-Couesnon","pvd-53-35-1","2021-05-06"
"35012","Bain-de-Bretagne","pvd-53-35-2","2021-05-25"
"35019","Bazouges-la-Pérouse","pvd-53-35-33","2022-05-05"
"35023","Bédée","pvd-53-35-35","2022-03-08"
"35037","Bréal-sous-Montfort","pvd-53-35-3","2021-05-27"
"35049","Cancale","pvd-53-35-30","2022-07-07"
"35069","Châteaugiron","pvd-53-35-4","2021-05-28"
"35072","Châtillon-en-Vendelais","pvd-53-35-5","2021-05-06"
"35085","Combourg","pvd-53-35-6","2021-05-28"
"35093","Dinard","pvd-53-35-7","2021-05-21"
"35095","Dol-de-Bretagne","pvd-53-35-8","2021-04-30"
"35109","Étrelles","pvd-53-35-39","2022-03-01"
"35124","Grand-Fougeray","pvd-53-35-9","2021-05-25"
"35125","La Guerche-de-Bretagne","pvd-53-35-10","2021-05-06"
"35126","Guichen","pvd-53-35-11","2021-05-26"
"35136","Janzé","pvd-53-35-36","2022-02-24"
"35152","Liffré","pvd-53-35-12","2021-05-17"
"35162","Louvigné-du-Désert","pvd-53-35-13","2021-04-21"
"35167","Martigné-Ferchaud","pvd-53-35-14","2021-04-13"
"35168","Val d'Anast","pvd-53-35-15","2021-05-26"
"35173","Melesse","pvd-53-35-16","2021-05-12"
"35176","Guipry-Messac","pvd-53-35-17","2021-05-26"
"35177","La Mézière","pvd-53-35-18","2021-05-12"
"35184","Montauban-de-Bretagne","pvd-53-35-19","2021-05-28"
"35188","Montfort-sur-Meu","pvd-53-35-20","2021-05-12"
"35207","Noyal-sur-Vilaine","pvd-53-35-21","2021-05-28"
"35219","Pipriac","pvd-53-35-22","2021-05-27"
"35222","Pleine-Fougères","pvd-53-35-23","2021-05-28"
"35223","Plélan-le-Grand","pvd-53-35-24","2021-05-27"
"35227","Pleumeleuc","pvd-53-35-40","2022-03-08"
"35228","Pleurtuit","pvd-53-35-32","2022-02-25"
"35239","Retiers","pvd-53-35-37","2022-02-24"
"35251","Saint-Aubin-d'Aubigné","pvd-53-35-38","2022-04-11"
"35253","Saint-Aubin-du-Cormier","pvd-53-35-25","2021-05-17"
"35257","Maen Roch","pvd-53-35-34","2022-05-05"
"35282","Rives-du-Couesnon","pvd-53-35-26","2021-04-21"
"35284","Saint-Jouan-des-Guérets","pvd-53-35-31","2022-07-07"
"35297","Saint-Méen-le-Grand","pvd-53-35-27","2021-05-28"
"35308","Mesnil-Roc'h","pvd-53-35-28","2021-05-28"
"35337","Tinténiac","pvd-53-35-29","2021-05-28"
"36001","Aigurande","pvd-24-36-1","2021-06-30"
"36005","Ardentes","pvd-24-36-2","2021-05-25"
"36006","Argenton-sur-Creuse","pvd-24-36-3","2021-05-25"
"36018","Le Blanc","pvd-24-36-4","2021-06-30"
"36031","Buzançais","pvd-24-36-5","2021-09-08"
"36034","Chabris","pvd-24-36-6","2021-06-30"
"36045","Châtillon-sur-Indre","pvd-24-36-7","2021-05-25"
"36046","La Châtre","pvd-24-36-8","2021-06-30"
"36063","Déols","pvd-24-36-9","2021-05-25"
"36093","Levroux","pvd-24-36-10","2021-05-25"
"36141","Neuvy-Saint-Sépulchre","pvd-24-36-11","2021-06-30"
"36192","Saint-Gaultier","pvd-24-36-12","2021-05-25"
"36208","Sainte-Sévère-sur-Indre","pvd-24-36-13","2021-06-30"
"36228","Valençay","pvd-24-36-14","2021-06-30"
"36230","Vatan","pvd-24-36-15","2021-05-25"
"36241","Villedieu-sur-Indre","pvd-24-36-16","2021-09-08"
"37020","Beaulieu-lès-Loches","pvd-24-37-1","2021-04-20"
"37027","Bléré","pvd-24-37-2","2021-07-20"
"37031","Bourgueil","pvd-24-37-3","2021-07-19"
"37062","Château-la-Vallière","pvd-24-37-4","2021-07-19"
"37063","Château-Renault","pvd-24-37-5","2021-09-13"
"37091","La Croix-en-Touraine","pvd-24-37-18","2021-07-20"
"37115","Descartes","pvd-24-37-7","2021-04-20"
"37119","L'Île-Bouchard","pvd-24-37-8","2021-06-10"
"37123","Langeais","pvd-24-37-9","2021-07-19"
"37130","Ligueil","pvd-24-37-10","2021-04-20"
"37132","Loches","pvd-24-37-17","2021-04-20"
"37167","Neuillé-Pont-Pierre","pvd-24-37-12","2021-06-17"
"37189","Preuilly-sur-Claise","pvd-24-37-13","2021-04-20"
"37196","Richelieu","pvd-24-37-14","2021-06-10"
"37225","Saint-Martin-le-Beau","pvd-24-37-15","2021-07-20"
"37226","Sainte-Maure-de-Touraine","pvd-24-37-16","2021-06-10"
"38034","Beaurepaire","pvd-84-38-1","2021-06-01"
"38052","Le Bourg-d'Oisans","pvd-84-38-2","2021-04-27"
"38087","Chasse-sur-Rhône","pvd-84-38-3","2021-05-19"
"38130","La Côte-Saint-André","pvd-84-38-4","2021-05-18"
"38138","Crémieu","pvd-84-38-5","2021-05-11"
"38226","Mens","pvd-84-38-6","2021-04-27"
"38269","La Mure","pvd-84-38-7","2021-04-27"
"38314","Pontcharra","pvd-84-38-8","2021-04-27"
"38315","Le Pont-de-Beauvoisin","pvd-84-3873-9","2021-05-10"
"38412","Saint-Laurent-du-Pont","pvd-84-38-10","2021-06-10"
"38416","Saint-Marcellin","pvd-84-38-11","2021-04-27"
"38509","La Tour-du-Pin","pvd-84-38-12","2021-04-16"
"38517","Tullins","pvd-84-38-13","2021-04-27"
"38548","Villard-de-Lans","pvd-84-38-14","2021-04-27"
"39013","Arbois","pvd-27-39-1","2021-03-30"
"39016","Arinthod","pvd-27-39-2","2021-05-20"
"39333","Moirans-en-Montagne","pvd-27-39-3","2021-05-20"
"39368","Hauts de Bienne","pvd-27-39-4","2021-05-18"
"39434","Poligny","pvd-27-39-5","2021-03-30"
"39478","Saint-Claude","pvd-27-39-6","2021-05-21"
"39500","Salins-les-Bains","pvd-27-39-7","2021-03-30"
"40001","Aire-sur-l'Adour","pvd-75-40-1","2021-05-20"
"40002","Amou","pvd-75-40-2","2021-07-23"
"4008","Annot","pvd-93-04-1","2021-05-10"
"40102","Gabarret","pvd-75-40-3","2021-05-20"
"40110","Geaune","pvd-75-40-4","2021-05-20"
"40117","Grenade-sur-l'Adour","pvd-75-40-5","2021-05-20"
"40119","Hagetmau","pvd-75-40-6","2021-05-20"
"40134","Labouheyre","pvd-75-40-7","2021-10-18"
"4018","Banon","pvd-93-04-2","2021-05-26"
"4019","Barcelonnette","pvd-93-04-3","2021-06-22"
"40194","Montfort-en-Chalosse","pvd-75-40-8","2021-07-23"
"40197","Morcenx-la-Nouvelle","pvd-75-40-9","2021-05-20"
"40201","Mugron","pvd-75-40-16","2021-07-23"
"40224","Peyrehorade","pvd-75-40-11","2021-05-20"
"40245","Roquefort","pvd-75-40-15","2021-05-20"
"40282","Saint-Sever","pvd-75-40-13","2021-05-20"
"40331","Villeneuve-de-Marsan","pvd-75-40-14","2021-08-31"
"4039","Castellane","pvd-93-04-4","2021-05-10"
"4049","Château-Arnoux-Saint-Auban","pvd-93-04-5","2021-04-09"
"4088","Forcalquier","pvd-93-04-6","2021-08-30"
"41025","Bracieux","pvd-24-41-1","2021-05-25"
"41095","Fréteval","pvd-24-41-2","2021-04-21"
"41106","Lamotte-Beuvron","pvd-24-41-3","2021-06-14"
"41123","Marchenoir","pvd-24-41-4","2021-08-26"
"41136","Mer","pvd-24-41-5","2021-06-01"
"41143","Mondoubleau","pvd-24-41-6","2021-04-09"
"41149","Montoire-sur-le-Loir","pvd-24-41-7","2021-11-03"
"41151","Montrichard Val de Cher","pvd-24-41-8","2021-07-01"
"41154","Morée","pvd-24-41-18","2021-04-21"
"41159","Neung-sur-Beuvron","pvd-24-41-10","2021-05-28"
"41167","Veuzain-sur-Loire","pvd-24-41-11","2021-07-09"
"41171","Oucques La Nouvelle","pvd-24-41-19","2021-08-26"
"41173","Beauce la Romaine","pvd-24-41-13","2021-12-15"
"41198","Saint-Aignan","pvd-24-41-14","2021-08-05"
"41232","Salbris","pvd-24-41-15","2021-07-30"
"41242","Selles-sur-Cher","pvd-24-41-16","2021-09-30"
"41269","Vendôme","pvd-24-41-17","2021-06-02"
"4143","Oraison","pvd-93-04-7","2021-08-30"
"4166","Riez","pvd-93-04-8","2021-08-01"
"4173","Saint-André-les-Alpes","pvd-93-04-9","2021-05-10"
"42011","Balbigny","pvd-84-42-1","2021-02-17"
"42019","Boën-sur-Lignon","pvd-84-42-2","2021-03-31"
"42023","Bourg-Argental","pvd-84-42-3","2021-03-30"
"4205","Seyne","pvd-93-04-10","2021-04-09"
"42052","Charlieu","pvd-84-42-4","2021-03-23"
"42059","Chazelles-sur-Lyon","pvd-84-42-5","2021-02-17"
"4209","Sisteron","pvd-93-04-11","2021-04-09"
"42094","Feurs","pvd-84-42-6","2021-02-17"
"42156","Neulise","pvd-84-42-7","2021-03-23"
"42159","Noirétable","pvd-84-42-8","2021-03-31"
"42165","Panissières","pvd-84-42-9","2021-02-17"
"42168","Pélussin","pvd-84-42-10","2021-03-24"
"42181","Régny","pvd-84-42-11","2021-03-23"
"42204","Saint-Bonnet-le-Château","pvd-84-42-12","2021-03-31"
"42224","Saint-Genest-Malifaux","pvd-84-42-13","2021-03-30"
"42230","Saint-Germain-Laval","pvd-84-42-14","2021-04-30"
"42249","Saint-Just-la-Pendue","pvd-84-42-15","2021-03-23"
"42289","Saint-Symphorien-de-Lay","pvd-84-42-16","2021-03-23"
"42304","Sury-le-Comtal","pvd-84-42-17","2021-03-31"
"43003","Allègre","pvd-84-43-1","2021-08-11"
"43012","Aurec-sur-Loire","pvd-84-43-2","2021-07-30"
"43016","Auzon","pvd-84-43-3","2021-07-18"
"43040","Brioude","pvd-84-43-4","2021-08-11"
"43042","Cayres","pvd-84-43-5","2021-07-09"
"43051","Le Chambon-sur-Lignon","pvd-84-43-6","2021-08-11"
"43077","Costaros","pvd-84-43-7","2021-07-09"
"43080","Craponne-sur-Arzon","pvd-84-43-8","2021-07-09"
"43087","Dunières","pvd-84-43-9","2021-05-20"
"43111","Landos","pvd-84-43-10","2021-07-09"
"43112","Langeac","pvd-84-43-11","2021-06-10"
"43135","Le Monastier-sur-Gazeille","pvd-84-43-12","2021-05-10"
"43137","Monistrol-sur-Loire","pvd-84-43-13","2021-09-08"
"43141","Montfaucon-en-Velay","pvd-84-43-29","2021-05-20"
"43148","Paulhaguet","pvd-84-43-15","2021-06-10"
"43154","Pradelles","pvd-84-43-16","2021-07-09"
"43162","Retournac","pvd-84-43-17","2021-07-16"
"43163","Riotord","pvd-84-43-30","2021-05-20"
"43177","Saint-Didier-en-Velay","pvd-84-43-19","2021-07-30"
"43185","Sainte-Florine","pvd-84-43-28","2021-07-18"
"43200","Saint-Julien-Chapteuil","pvd-84-43-21","2021-05-10"
"43205","Saint-Just-Malmont","pvd-84-43-22","2021-07-30"
"43224","Sainte-Sigolène","pvd-84-43-23","2021-09-09"
"43234","Saugues","pvd-84-43-24","2021-06-10"
"43244","Tence","pvd-84-43-25","2021-08-11"
"43267","Vorey","pvd-84-43-26","2021-05-20"
"43268","Yssingeaux","pvd-84-43-27","2021-07-16"
"44003","Ancenis-Saint-Géréon","pvd-52-44-1","2021-05-10"
"44015","Blain","pvd-52-44-2","2021-04-28"
"44043","Clisson","pvd-52-44-3","2021-04-16"
"44067","Guémené-Penfao","pvd-52-44-4","2021-05-07"
"44069","Guérande","pvd-52-44-5","2021-05-03"
"44071","Haute-Goulaine","pvd-52-44-6","2021-04-16"
"44072","Herbignac","pvd-52-44-7","2021-05-03"
"44084","Le Loroux-Bottereau","pvd-52-44-8","2021-03-30"
"44087","Machecoul-Saint-Même","pvd-52-44-9","2021-03-15"
"44098","Missillac","pvd-52-44-10","2021-07-01"
"44110","Nort-sur-Erdre","pvd-52-44-11","2021-04-28"
"44113","Nozay","pvd-52-44-12","2021-05-28"
"44116","Paimbœuf","pvd-52-44-13","2021-05-28"
"44129","Pontchâteau","pvd-52-44-14","2021-07-01"
"44131","Pornic","pvd-52-44-15","2021-04-26"
"44154","Saint-Brevin-les-Pins","pvd-52-44-16","2021-05-28"
"44158","Saint-Étienne-de-Montluc","pvd-52-44-17","2021-03-25"
"44161","Saint-Gildas-des-Bois","pvd-52-44-18","2021-07-01"
"44180","Vallons-de-l'Erdre","pvd-52-44-19","2021-05-10"
"44186","Sainte-Pazanne","pvd-52-44-20","2021-04-26"
"44188","Saint-Philbert-de-Grand-Lieu","pvd-52-44-21","2021-02-24"
"44195","Savenay","pvd-52-44-22","2021-03-25"
"44212","Vallet","pvd-52-44-23","2021-03-30"
"44213","Loireauxence","pvd-52-44-24","2021-05-10"
"45028","Beaugency","pvd-24-45-1","2021-12-15"
"45030","Beaune-la-Rolande","pvd-24-45-2","2021-04-12"
"45053","Briare","pvd-24-45-3","2021-04-21"
"45082","Châteauneuf-sur-Loire","pvd-24-45-4","2022-07-01"
"45085","Châtillon-Coligny","pvd-24-45-5","2021-04-16"
"45115","Courtenay","pvd-24-45-6","2021-04-15"
"45145","Ferrières-en-Gâtinais","pvd-24-45-7","2021-04-06"
"45146","La Ferté-Saint-Aubin","pvd-24-45-8","2021-04-30"
"45187","Lorris","pvd-24-45-9","2021-04-16"
"45191","Le Malesherbois","pvd-24-45-10","2021-04-12"
"45203","Meung-sur-Loire","pvd-24-45-11","2021-12-15"
"45224","Neuville-aux-Bois","pvd-24-45-12","2021-04-23"
"45248","Patay","pvd-24-45-13","2021-04-06"
"45258","Puiseaux","pvd-24-45-14","2021-04-12"
"45315","Sully-sur-Loire","pvd-24-45-15","2021-04-20"
"46029","Biars-sur-Cère","pvd-76-46-1","2021-07-12"
"46038","Bretenoux","pvd-76-46-2","2021-07-12"
"46045","Cajarc","pvd-76-46-3","2021-06-18"
"46063","Castelnau-Montratier","pvd-76-46-4","2021-05-28"
"46066","Cazals","pvd-76-46-5","2021-09-22"
"46127","Gourdon","pvd-76-46-6","2021-07-12"
"46128","Gramat","pvd-76-46-7","2021-07-12"
"46143","Lacapelle-Marival","pvd-76-46-9","2021-06-18"
"46148","Lalbenque","pvd-76-46-10","2021-12-01"
"46173","Limogne-en-Quercy","pvd-76-46-11","2021-12-01"
"46182","Luzech","pvd-76-46-12","2021-07-12"
"46185","Martel","pvd-76-46-13","2021-07-12"
"46201","Montcuq-en-Quercy-Blanc","pvd-76-46-14","2021-05-28"
"46225","Prayssac","pvd-76-46-15","2021-07-12"
"46231","Puy-l'Évêque","pvd-76-46-16","2021-07-12"
"46251","Saint-Céré","pvd-76-46-17","2021-07-12"
"46297","Salviac","pvd-76-46-18","2021-09-22"
"46309","Souillac","pvd-76-46-19","2021-07-12"
"46330","Vayrac","pvd-76-46-20","2021-07-12"
"47004","Aiguillon","pvd-75-47-1","2021-07-07"
"47015","Astaffort","pvd-75-47-21","2024-07-03"
"47021","Barbaste","pvd-75-47-23","2024-07-03"
"47048","Cancon","pvd-75-47-2","2021-04-08"
"47052","Casteljaloux","pvd-75-47-3","2021-04-21"
"47054","Castelmoron-sur-Lot","pvd-75-47-4","2021-05-05"
"47057","Castillonnès","pvd-75-47-17","2021-04-08"
"47078","Damazan","pvd-75-47-15","2021-07-07"
"47086","Duras","pvd-75-47-7","2021-04-22"
"47106","Fumel","pvd-75-47-8","2021-04-12"
"47143","Lavardac","pvd-75-47-22","2024-07-03"
"47168","Miramont-de-Guyenne","pvd-75-47-9","2021-06-22"
"47175","Monflanquin","pvd-75-47-18","2021-04-08"
"47179","Monsempron-Libos","pvd-75-47-20","2021-04-12"
"47195","Nérac","pvd-75-47-12","2021-02-04"
"47210","Port-Sainte-Marie","pvd-75-47-16","2021-07-07"
"47252","Sainte-Livrade-sur-Lot","pvd-75-47-14","2021-04-01"
"47324","Villeréal","pvd-75-47-19","2021-04-08"
"48017","Banassac-Canilhac","pvd-76-48-1","2021-03-24"
"48034","La Canourgue","pvd-76-48-2","2021-03-24"
"48038","Bel-Air-Val-d'Ance","pvd-76-48-3","2021-03-24"
"48039","Chanac","pvd-76-48-4","2021-03-24"
"48061","Florac Trois Rivières","pvd-76-48-5","2021-03-24"
"48075","Ispagnac","pvd-76-48-6","2021-03-24"
"48080","Langogne","pvd-76-48-7","2021-03-24"
"48092","Marvejols","pvd-76-48-8","2021-03-24"
"48094","Massegros Causses Gorges","pvd-76-48-9","2021-03-24"
"48096","Meyrueis","pvd-76-48-10","2021-03-24"
"48099","Bourgs sur Colagne","pvd-76-48-11","2021-03-24"
"48140","Saint-Chély-d'Apcher","pvd-76-48-12","2021-03-24"
"48146","Gorges du Tarn Causses","pvd-76-48-13","2021-03-24"
"48156","Saint-Germain-du-Teil","pvd-76-48-14","2021-03-24"
"49002","Allonnes","pvd-52-49-1","2021-06-25"
"49018","Baugé-en-Anjou","pvd-52-49-2","2021-03-04"
"49063","Chalonnes-sur-Loire","pvd-52-49-4","2021-09-17"
"49080","Les Hauts-d'Anjou","pvd-52-49-5","2021-05-28"
"49125","Doué-en-Anjou","pvd-52-49-6","2021-12-14"
"49127","Durtal","pvd-52-49-7","2021-07-21"
"49180","Longué-Jumelles","pvd-52-49-8","2021-12-14"
"49215","Montreuil-Bellay","pvd-52-49-9","2021-06-25"
"49228","Noyant-Villages","pvd-52-49-10","2021-12-17"
"49244","Mauges-sur-Loire","pvd-52-49-11","2021-05-07"
"49248","Ombrée d'Anjou","pvd-52-49-12","2021-05-25"
"49261","Gennes-Val-de-Loire","pvd-52-49-13","2021-06-25"
"49331","Segré-en-Anjou Bleu","pvd-52-49-14","2021-05-25"
"49373","Lys-Haut-Layon","pvd-52-49-15","2021-04-23"
"50003","Agon-Coutainville","pvd-28-50-1","2021-05-21"
"50025","Avranches","pvd-28-50-2","2021-06-28"
"50031","Barneville-Carteret","pvd-28-50-3","2021-05-26"
"50041","La Hague","pvd-28-50-4","2021-05-26"
"5006","L'Argentière-la-Bessée","pvd-93-05-1","2021-05-07"
"50074","Brécey","pvd-28-50-5","2021-06-28"
"50076","Bréhal","pvd-28-50-6","2021-05-26"
"50082","Bricquebec-en-Cotentin","pvd-28-50-7","2021-05-26"
"50099","Carentan-les-Marais","pvd-28-50-8","2021-04-29"
"50139","Condé-sur-Vire","pvd-28-50-9","2021-07-15"
"50147","Coutances","pvd-28-50-10","2021-05-21"
"5017","La Bâtie-Neuve","pvd-93-05-2","2021-05-10"
"50197","Gavray-sur-Sienne","pvd-28-50-11","2021-05-21"
"50218","Granville","pvd-28-50-12","2021-05-26"
"50236","La Haye","pvd-28-50-13","2021-05-19"
"50237","La Haye-Pesnel","pvd-28-50-14","2021-05-26"
"50267","Lessay","pvd-28-50-15","2021-05-19"
"50292","Marigny-Le-Lozon","pvd-28-50-16","2021-07-15"
"50341","Montebourg","pvd-28-50-17","2021-05-26"
"50359","Mortain-Bocage","pvd-28-50-18","2021-06-28"
"50393","Percy-en-Normandie","pvd-28-50-19","2021-10-21"
"50394","Périers","pvd-28-50-20","2021-05-19"
"5040","Chorges","pvd-93-05-3","2021-05-07"
"50400","Picauville","pvd-28-50-21","2021-04-29"
"50402","Les Pieux","pvd-28-50-22","2021-05-26"
"50410","Pontorson","pvd-28-50-23","2021-06-28"
"50412","Port-Bail-sur-Mer","pvd-28-50-24","2021-05-26"
"50417","Quettehou","pvd-28-50-25","2021-05-26"
"5046","Embrun","pvd-93-05-4","2021-05-07"
"50484","Saint-Hilaire-du-Harcouët","pvd-28-50-26","2021-06-28"
"50487","Saint-James","pvd-28-50-27","2021-06-28"
"5050","Espinasses","pvd-93-05-5","2021-05-10"
"50523","Sainte-Mère-Église","pvd-28-50-28","2021-04-29"
"50539","Saint-Pierre-Église","pvd-28-50-29","2021-05-26"
"50551","Saint-Sauveur-le-Vicomte","pvd-28-50-30","2021-05-26"
"50562","Saint-Vaast-la-Hougue","pvd-28-50-31","2021-05-26"
"50565","Sartilly-Baie-Bocage","pvd-28-50-32","2021-06-28"
"50582","Sourdeval","pvd-28-50-33","2021-06-28"
"50591","Le Teilleul","pvd-28-50-34","2021-06-28"
"50601","Torigny-les-Villes","pvd-28-50-35","2021-07-15"
"50615","Valognes","pvd-28-50-36","2021-05-26"
"50639","Villedieu-les-Poêles-Rouffigny","pvd-28-50-37","2021-10-21"
"5065","Guillestre","pvd-93-05-6","2021-05-11"
"5070","Laragne-Montéglin","pvd-93-05-7","2021-04-09"
"51217","Dormans","pvd-44-51-1","2021-09-01"
"51248","Fère-Champenoise","pvd-44-51-2","2021-06-15"
"51250","Fismes","pvd-44-51-3","2021-07-15"
"5132","Saint-Bonnet-en-Champsaur","pvd-93-05-8","2021-05-25"
"51380","Montmirail","pvd-44-51-4","2021-07-01"
"51388","Mourmelon-le-Grand","pvd-44-51-5","2021-06-15"
"51423","Pargny-sur-Saulx","pvd-44-51-6","2021-11-10"
"51507","Sainte-Menehould","pvd-44-51-7","2021-08-23"
"51531","Sermaize-les-Bains","pvd-44-51-11","2021-11-10"
"51535","Sézanne","pvd-44-51-9","2021-07-08"
"51612","Blancs-Coteaux","pvd-44-51-10","2021-06-29"
"5166","Serres","pvd-93-05-9","2021-04-09"
"5170","Tallard","pvd-93-05-10","2021-05-10"
"5179","Veynes","pvd-93-05-11","2021-07-13"
"52008","Andelot-Blancheville","pvd-44-52-1","2021-10-26"
"52017","Arc-en-Barrois","pvd-44-52-2","2021-06-24"
"52050","Biesles","pvd-44-52-3","2021-08-20"
"52058","Bologne","pvd-44-52-26","2021-08-20"
"52060","Bourbonne-les-Bains","pvd-44-52-5","2021-10-12"
"52064","Bourmont-entre-Meuse-et-Mouzon","pvd-44-52-19","2021-10-26"
"52074","Breuvannes-en-Bassigny","pvd-44-52-20","2021-10-26"
"52093","Chalindrey","pvd-44-52-29","2021-10-12"
"52114","Châteauvillain","pvd-44-52-25","2021-06-24"
"52177","Doulaincourt-Saucourt","pvd-44-52-21","2021-10-26"
"52197","Fayl-Billot","pvd-44-52-30","2021-10-12"
"52211","Froncles","pvd-44-52-27","2021-08-20"
"52247","Illoud","pvd-44-52-22","2021-10-26"
"52250","Joinville","pvd-44-52-14","2021-05-26"
"52269","Langres","pvd-44-52-15","2021-09-19"
"52331","La Porte du Der","pvd-44-52-16","2021-10-02"
"52353","Nogent","pvd-44-52-28","2021-08-20"
"52405","Le Montsaugeonnais","pvd-44-52-18","2021-07-01"
"52444","Saint-Blin","pvd-44-52-23","2021-10-26"
"52550","Wassy","pvd-44-52-24","2021-10-02"
"53003","Ambrières-les-Vallées","pvd-52-53-1","2021-05-26"
"53062","Château-Gontier-sur-Mayenne","pvd-52-53-2","2021-10-13"
"53077","Cossé-le-Vivien","pvd-52-53-3","2021-07-16"
"53084","Craon","pvd-52-53-4","2021-07-20"
"53096","Ernée","pvd-52-53-5","2021-07-05"
"53097","Évron","pvd-52-53-6","2021-08-31"
"53107","Gorron","pvd-52-53-7","2021-05-26"
"53127","Lassay-les-Châteaux","pvd-52-53-8","2021-07-13"
"53147","Mayenne","pvd-52-53-9","2021-07-13"
"53152","Meslay-du-Maine","pvd-52-53-10","2021-07-21"
"53161","Montsûrs","pvd-52-53-11","2021-08-31"
"53182","Port-Brillet","pvd-52-53-12","2021-04-29"
"53185","Pré-en-Pail-Saint-Samson","pvd-52-53-13","2021-07-15"
"53188","Renazé","pvd-52-53-14","2021-07-20"
"53271","Villaines-la-Juhel","pvd-52-53-15","2021-07-15"
"54039","Baccarat","pvd-44-54-1","2021-10-05"
"54076","Blainville-sur-l'Eau","pvd-44-54-2","2021-10-05"
"54099","Val de Briey","pvd-44-54-3","2021-10-05"
"54129","Cirey-sur-Vezouze","pvd-44-54-4","2021-10-05"
"54135","Colombey-les-Belles","pvd-44-54-5","2021-10-05"
"54263","Homécourt","pvd-44-54-6","2021-10-05"
"54273","Jarny","pvd-44-54-7","2021-10-05"
"54280","Jœuf","pvd-44-54-8","2021-10-05"
"54322","Longuyon","pvd-44-54-9","2021-10-05"
"54397","Neuves-Maisons","pvd-44-54-10","2021-10-05"
"54400","Nomeny","pvd-44-54-11","2021-10-05"
"54425","Piennes","pvd-44-5455-1","2021-10-05"
"54431","Pont-à-Mousson","pvd-44-54-13","2021-10-05"
"54432","Pont-Saint-Vincent","pvd-44-54-15","2024-07-25"
"54563","Vézelise","pvd-44-54-14","2021-10-05"
"55063","Bouligny","pvd-44-5455-2","2021-09-24"
"55122","Commercy","pvd-44-55-2","2021-04-16"
"55181","Étain","pvd-44-55-3","2021-10-20"
"55291","Ligny-en-Barrois","pvd-44-55-4","2021-06-11"
"55351","Montmédy","pvd-44-55-5","2021-08-12"
"55427","Revigny-sur-Ornain","pvd-44-55-6","2021-10-06"
"55463","Saint-Mihiel","pvd-44-55-7","2021-06-30"
"55502","Stenay","pvd-44-55-8","2021-08-10"
"55533","Vaucouleurs","pvd-44-55-9","2021-04-16"
"56001","Allaire","pvd-53-56-1","2021-05-26"
"56007","Auray","pvd-53-56-2","2021-10-25"
"56010","Baud","pvd-53-56-3","2022-05-04"
"56053","Elven","pvd-53-56-4","2021-10-05"
"56057","Le Faouët","pvd-53-56-5","2021-10-14"
"56061","La Gacilly","pvd-53-56-6","2021-07-09"
"56066","Gourin","pvd-53-56-7","2021-10-14"
"56067","Grand-Champ","pvd-53-56-8","2021-10-05"
"56073","Guémené-sur-Scorff","pvd-53-56-9","2021-10-14"
"56075","Guer","pvd-53-56-10","2021-07-09"
"56083","Hennebont","pvd-53-56-11","2021-09-08"
"56091","Josselin","pvd-53-56-12","2021-10-27"
"56101","Languidic","pvd-53-56-13","2021-09-08"
"56117","Locminé","pvd-53-56-14","2022-06-20"
"56123","Malansac","pvd-53-56-15","2021-05-20"
"56127","Mauron","pvd-53-56-16","2021-10-27"
"56143","Muzillac","pvd-53-56-25","2022-07-05"
"56147","Nivillac","pvd-53-56-26","2022-07-05"
"56152","Le Palais","pvd-53-56-17","2021-10-12"
"56165","Ploërmel","pvd-53-56-18","2021-10-27"
"56166","Plouay","pvd-53-56-19","2021-09-08"
"56169","Plouhinec","pvd-53-56-27","2022-07-06"
"56184","Questembert","pvd-53-56-20","2021-05-20"
"56186","Quiberon","pvd-53-56-21","2021-10-25"
"56190","Réguiny","pvd-53-56-29","2022-05-25"
"56195","La Roche-Bernard","pvd-53-56-24","2022-07-05"
"56198","Rohan","pvd-53-56-30","2022-05-25"
"56222","Saint-Jean-Brévelay","pvd-53-56-22","2022-06-20"
"56240","Sarzeau","pvd-53-56-23","2021-10-05"
"56244","Sérent","pvd-53-56-28","2021-07-09"
"57089","Bitche","pvd-44-57-1","2021-09-01"
"57097","Boulay-Moselle","pvd-44-57-2","2021-06-18"
"57106","Bouzonville","pvd-44-57-3","2021-06-18"
"57132","Château-Salins","pvd-44-57-4","2021-06-18"
"57160","Creutzwald","pvd-44-57-5","2021-06-18"
"57177","Dieuze","pvd-44-57-12","2021-06-18"
"57207","Farébersviller","pvd-44-57-7","2021-06-18"
"57240","Freyming-Merlebach","pvd-44-57-13","2021-06-18"
"57332","Hombourg-Haut","pvd-44-57-14","2021-06-18"
"57483","Morhange","pvd-44-57-10","2021-06-18"
"57650","Sierck-les-Bains","pvd-44-57-11","2021-06-18"
"58046","Cercy-la-Tour","pvd-27-58-1","2021-05-10"
"58059","La Charité-sur-Loire","pvd-27-58-2","2021-04-16"
"58062","Château-Chinon (Ville)","pvd-27-58-3","2021-07-23"
"58065","Châtillon-en-Bazois","pvd-27-58-4","2021-05-10"
"58079","Clamecy","pvd-27-58-5","2021-06-21"
"58083","Corbigny","pvd-27-58-6","2021-05-12"
"58095","Decize","pvd-27-58-7","2021-04-07"
"58131","Guérigny","pvd-27-58-8","2021-04-16"
"58134","Imphy","pvd-27-58-9","2021-04-07"
"58145","Lormes","pvd-27-58-10","2021-07-23"
"58149","Luzy","pvd-27-58-11","2021-05-10"
"58151","La Machine","pvd-27-58-12","2021-04-07"
"58182","Moulins-Engilbert","pvd-27-58-13","2021-05-10"
"58218","Prémery","pvd-27-58-14","2021-04-16"
"58227","Saint-Amand-en-Puisaye","pvd-27-58-15","2021-04-13"
"58232","Saint-Benin-d'Azy","pvd-27-58-16","2021-05-21"
"58250","Saint-Léger-des-Vignes","pvd-27-58-20","2021-04-07"
"58267","Saint-Saulge","pvd-27-58-18","2021-05-21"
"58304","Varzy","pvd-27-58-19","2021-06-18"
"59008","Aniche","pvd-32-59-1","2021-06-29"
"59015","Arleux","pvd-32-59-2","2021-10-25"
"59035","Avesnelles","pvd-32-59-3","2021-06-30"
"59036","Avesnes-sur-Helpe","pvd-32-59-4","2021-06-30"
"59037","Avesnes-les-Aubert","pvd-32-59-5","2021-07-07"
"59053","Bavay","pvd-32-59-6","2021-07-01"
"59136","Le Cateau-Cambrésis","pvd-32-59-7","2021-07-07"
"59139","Caudry","pvd-32-59-8","2021-07-07"
"59153","Condé-sur-l'Escaut","pvd-32-59-9","2021-06-30"
"59249","Fourmies","pvd-32-59-10","2021-11-04"
"59331","Landrecies","pvd-32-59-11","2021-07-01"
"59481","Le Quesnoy","pvd-32-59-12","2021-07-01"
"59525","Sains-du-Nord","pvd-32-59-13","2021-06-30"
"59571","Solesmes","pvd-32-59-14","2021-07-07"
"59574","Somain","pvd-32-59-15","2021-06-29"
"60029","Auneuil","pvd-32-60-1","2021-11-19"
"60103","Bresles","pvd-32-60-2","2021-11-19"
"60104","Breteuil","pvd-32-60-3","2021-06-16"
"60157","Clermont","pvd-32-60-4","2021-09-21"
"60178","Crèvecœur-le-Grand","pvd-32-60-5","2021-11-19"
"6023","Breil-sur-Roya","pvd-93-06-1","2021-10-11"
"60245","Formerie","pvd-32-60-6","2021-12-28"
"60286","Grandvilliers","pvd-32-60-7","2021-12-28"
"60333","Lachapelle-aux-Pots","pvd-32-60-8","2021-07-09"
"60395","Méru","pvd-32-60-9","2021-11-16"
"60439","Mouy","pvd-32-60-10","2021-09-21"
"60471","Noyon","pvd-32-60-11","2021-07-16"
"60509","Pont-Sainte-Maxence","pvd-32-60-12","2021-06-28"
"60577","Saint-Germer-de-Fly","pvd-32-60-14","2021-07-09"
"6099","Puget-Théniers","pvd-93-06-2","2021-05-11"
"61007","Athis-Val de Rouvre","pvd-28-61-1","2021-07-16"
"6103","Roquebillière","pvd-93-06-3",
"61038","Bellême","pvd-28-61-2","2021-05-28"
"61063","Briouze","pvd-28-61-3","2021-07-16"
"61074","Carrouges","pvd-28-61-4","2021-07-05"
"61145","Domfront en Poiraie","pvd-28-61-5","2021-05-06"
"61153","Écouché-les-Vallées","pvd-28-61-6","2021-07-15"
"61168","La Ferté Macé","pvd-28-61-7","2021-07-16"
"61181","Gacé","pvd-28-61-8","2021-05-27"
"61214","L'Aigle","pvd-28-61-9","2021-05-25"
"61230","Longny les Villages","pvd-28-61-10","2021-05-04"
"61258","Le Mêle-sur-Sarthe","pvd-28-61-11","2021-04-22"
"61293","Mortagne-au-Perche","pvd-28-61-12","2021-05-28"
"6130","Saint-Vallier-de-Thiey","pvd-93-06-4","2021-05-11"
"61339","Putanges-le-Lac","pvd-28-61-13","2021-07-22"
"61345","Rémalard en Perche","pvd-28-61-14","2021-07-23"
"6136","Sospel","pvd-93-06-5","2021-10-11"
"61464","Sées","pvd-28-61-15","2021-05-21"
"61483","Bagnoles de l'Orne Normandie","pvd-28-61-16","2021-06-25"
"61484","Val-au-Perche","pvd-28-61-17","2021-05-28"
"61486","Tinchebray-Bocage","pvd-28-61-18","2021-05-06"
"61494","Trun","pvd-28-61-19","2021-07-15"
"61508","Vimoutiers","pvd-28-61-20","2021-05-27"
"6163","Tende","pvd-93-06-6","2021-10-11"
"62014","Aire-sur-la-Lys","pvd-32-62-1","2021-05-21"
"62048","Auchel","pvd-32-62-2","2021-06-30"
"62060","Auxi-le-Château","pvd-32-62-3","2021-06-28"
"62063","Avesnes-le-Comte","pvd-32-62-4","2021-06-29"
"62080","Bapaume","pvd-32-62-5","2021-05-07"
"62186","Bully-les-Mines","pvd-32-62-6","2021-09-21"
"62194","Calonne-Ricouart","pvd-32-62-7","2021-06-30"
"62215","Carvin","pvd-32-62-8","2021-07-27"
"62268","Desvres","pvd-32-62-9","2021-09-07"
"62361","Frévent","pvd-32-62-10","2021-04-19"
"62364","Fruges","pvd-32-62-11","2021-05-28"
"62397","Guînes","pvd-32-62-12","2021-06-07"
"62447","Hesdin","pvd-32-62-13","2021-04-15"
"62516","Lillers","pvd-32-62-14","2021-06-30"
"62534","Lumbres","pvd-32-62-15","2021-05-27"
"62560","Marquise","pvd-32-62-16","2021-07-19"
"62563","Mazingarbe","pvd-32-62-17","2021-09-21"
"62588","Montreuil-sur-Mer","pvd-32-62-18","2021-05-27"
"62667","Le Portel","pvd-32-62-19","2021-06-09"
"62758","Saint-Martin-Boulogne","pvd-32-62-20","2021-06-09"
"62894","Wimille","pvd-32-62-21","2021-06-09"
"62907","Libercourt","pvd-32-62-22","2021-07-23"
"63001","Aigueperse","pvd-84-63-1","2021-06-28"
"63003","Ambert","pvd-84-63-2","2021-04-16"
"63004","Les Ancizes-Comps","pvd-84-63-3","2021-06-02"
"63009","Ardes","pvd-84-63-4","2021-04-29"
"63010","Arlanc","pvd-84-63-5","2021-04-16"
"63038","Besse-et-Saint-Anastaise","pvd-84-63-6","2021-04-26"
"63040","Billom","pvd-84-63-7","2021-05-04"
"63047","La Bourboule","pvd-84-63-8","2021-04-26"
"63048","Bourg-Lastic","pvd-84-63-9","2021-04-29"
"63050","Brassac-les-Mines","pvd-84-63-10","2021-04-29"
"63080","Champeix","pvd-84-63-11","2021-04-29"
"63103","Châtel-Guyon","pvd-84-63-12","2021-06-18"
"63116","Combronde","pvd-84-63-13","2021-06-03"
"63125","Courpière","pvd-84-63-14","2021-06-09"
"63132","Cunlhat","pvd-84-63-15","2021-04-16"
"63165","Giat","pvd-84-63-16","2021-04-29"
"63195","Lezoux","pvd-84-63-17","2021-06-16"
"63210","Maringues","pvd-84-63-18","2021-06-28"
"63236","Mont-Dore","pvd-84-63-19","2021-04-26"
"63245","Mozac","pvd-84-63-20","2021-06-18"
"63281","Pionsat","pvd-84-63-21","2021-06-01"
"63283","Pontaumur","pvd-84-63-22","2021-04-29"
"63285","Pontgibaud","pvd-84-63-23","2021-04-29"
"63291","Puy-Guillaume","pvd-84-63-24","2021-06-09"
"63295","Randan","pvd-84-63-25","2021-06-28"
"63305","Rochefort-Montagne","pvd-84-63-26","2021-05-03"
"63338","Saint-Éloy-les-Mines","pvd-84-63-27","2021-06-01"
"63352","Saint-Germain-Lembron","pvd-84-63-28","2021-04-29"
"63354","Saint-Gervais-d'Auvergne","pvd-84-63-29","2021-06-01"
"63415","Sauxillanges","pvd-84-63-30","2021-04-29"
"63457","Vic-le-Comte","pvd-84-63-31","2021-04-12"
"63470","Volvic","pvd-84-63-32","2021-06-18"
"64062","Arudy","pvd-75-64-1","2021-09-06"
"64063","Arzacq-Arraziguet","pvd-75-64-2","2021-07-13"
"64233","Garlin","pvd-75-64-18","2021-07-13"
"64256","Hasparren","pvd-75-64-4","2021-05-21"
"64260","Hendaye","pvd-75-64-5","2021-05-21"
"64320","Laruns","pvd-75-64-14","2021-09-06"
"64331","Lembeye","pvd-75-64-7","2021-07-20"
"64371","Mauléon-Licharre","pvd-75-64-8","2021-05-21"
"64405","Morlaàs","pvd-75-64-21","2021-07-20"
"64410","Mourenx","pvd-75-64-10","2021-04-06"
"64416","Navarrenx","pvd-75-64-11","2021-07-05"
"64417","Nay","pvd-75-64-12","2021-07-09"
"64422","Oloron-Sainte-Marie","pvd-75-64-13","2021-03-25"
"64430","Orthez","pvd-75-64-15","2021-04-06"
"64453","Pontacq","pvd-75-64-22","2021-07-20"
"64485","Saint-Jean-Pied-de-Port","pvd-75-64-20","2021-05-21"
"64493","Saint-Palais","pvd-75-64-23","2021-05-21"
"64499","Salies-de-Béarn","pvd-75-64-16","2021-07-05"
"64513","Sauveterre-de-Béarn","pvd-75-64-17","2021-07-05"
"64519","Serres-Castet","pvd-75-64-19","2021-07-13"
"65025","Argelès-Gazost","pvd-76-65-1","2021-06-24"
"65031","Arreau","pvd-76-65-2","2021-06-24"
"65059","Bagnères-de-Bigorre","pvd-76-65-3","2021-06-24"
"65129","Castelnau-Magnoac","pvd-76-65-4","2021-06-24"
"65138","Cauterets","pvd-76-65-5","2021-06-24"
"65258","Lannemezan","pvd-76-65-6","2021-06-24"
"65287","Loures-Barousse","pvd-76-65-7","2021-07-19"
"65304","Maubourguet","pvd-76-65-8","2021-10-29"
"65375","Rabastens-de-Bigorre","pvd-76-65-9","2021-10-29"
"65388","Saint-Lary-Soulan","pvd-76-65-10","2021-06-24"
"65389","Saint-Laurent-de-Neste","pvd-76-65-11","2021-07-19"
"65447","Tournay","pvd-76-65-12","2021-06-24"
"65452","Trie-sur-Baïse","pvd-76-65-13","2021-10-13"
"65460","Vic-en-Bigorre","pvd-76-65-14","2022-02-08"
"66003","Amélie-les-Bains-Palalda","pvd-76-66-1","2021-08-17"
"66004","Les Angles","pvd-76-66-2","2021-08-17"
"66009","Arles-sur-Tech","pvd-76-66-3","2021-08-17"
"66016","Banyuls-sur-Mer","pvd-76-66-4","2021-07-28"
"66024","Le Boulou","pvd-76-66-5","2021-08-17"
"66025","Bourg-Madame","pvd-76-66-6","2021-08-18"
"66049","Céret","pvd-76-66-7","2021-08-17"
"66065","Elne","pvd-76-66-9","2021-07-28"
"66071","Estagel","pvd-76-66-10","2021-07-21"
"66088","Ille-sur-Têt","pvd-76-66-11","2021-08-18"
"66108","Millas","pvd-76-66-12","2021-08-18"
"66124","Font-Romeu-Odeillo-Via","pvd-76-66-13","2021-08-17"
"66125","Olette","pvd-76-66-14","2021-10-01"
"66130","Osséja","pvd-76-66-15","2021-08-18"
"66148","Port-Vendres","pvd-76-66-17","2021-07-28"
"66149","Prades","pvd-76-66-18","2021-10-01"
"66164","Rivesaltes","pvd-76-66-19","2021-07-21"
"66167","Saillagouse","pvd-76-66-20","2021-08-18"
"66180","Saint-Laurent-de-la-Salanque","pvd-76-66-21","2021-07-21"
"66187","Saint-Paul-de-Fenouillet","pvd-76-66-22","2021-07-28"
"66210","Thuir","pvd-76-66-23","2021-07-09"
"66222","Vernet-les-Bains","pvd-76-66-24","2021-10-01"
"66230","Vinça","pvd-76-66-25","2021-10-01"
"67020","Barembach","pvd-44-67-1","2021-09-17"
"67021","Barr","pvd-44-67-2","2021-09-17"
"67061","Bouxwiller","pvd-44-67-3","2021-09-20"
"67066","La Broque","pvd-44-67-23","2021-09-17"
"67095","Diemeringen","pvd-44-67-5","2021-10-01"
"67101","Dorlisheim","pvd-44-67-6","2022-04-27"
"67105","Drulingen","pvd-44-67-28","2021-10-01"
"67176","Gundershoffen","pvd-44-67-8","2021-09-17"
"67222","Ingwiller","pvd-44-67-27","2021-09-20"
"67281","Marckolsheim","pvd-44-67-10","2021-09-23"
"67282","Marlenheim","pvd-44-67-11","2021-05-21"
"67291","Mertzwiller","pvd-44-67-32","2021-09-17"
"67300","Molsheim","pvd-44-67-30","2022-04-27"
"67313","Mutzig","pvd-44-67-31","2022-04-27"
"67324","Niederbronn-les-Bains","pvd-44-67-33","2021-09-17"
"67388","Reichshoffen","pvd-44-67-34","2021-09-17"
"67414","Rothau","pvd-44-67-24","2021-09-17"
"67434","Sarre-Union","pvd-44-67-29","2021-10-01"
"67448","Schirmeck","pvd-44-67-25","2021-09-17"
"67507","Villé","pvd-44-67-20","2021-05-28"
"67520","Wasselonne","pvd-44-67-26","2021-05-21"
"67544","Wissembourg","pvd-44-67-22","2021-09-23"
"68004","Altkirch","pvd-44-68-1","2021-07-06"
"68068","Dannemarie","pvd-44-68-2","2022-01-11"
"68162","Kaysersberg Vignoble","pvd-44-68-3","2021-04-13"
"68201","Masevaux-Niederbruck","pvd-44-68-4","2021-09-09"
"68226","Munster","pvd-44-68-5","2021-07-08"
"68231","Neuf-Brisach","pvd-44-68-6","2021-05-26"
"68249","Orbey","pvd-44-68-11","2021-04-13"
"68287","Rouffach","pvd-44-68-8","2021-07-02"
"68298","Sainte-Marie-aux-Mines","pvd-44-68-9","2021-09-17"
"68334","Thann","pvd-44-68-10","2021-06-25"
"69006","Amplepuis","pvd-84-69-1","2021-04-27"
"69010","L'Arbresle","pvd-84-69-2","2021-04-16"
"69018","Beaujeu","pvd-84-69-3","2021-04-16"
"69019","Belleville-en-Beaujolais","pvd-84-69-4","2021-04-16"
"69066","Cours","pvd-84-69-5","2021-04-27"
"69141","Mornant","pvd-84-69-6","2021-07-07"
"69171","Sain-Bel","pvd-84-69-16","2021-04-16"
"69176","Soucieu-en-Jarrest","pvd-84-69-8","2021-07-07"
"69201","Sainte-Foy-l'Argentière","pvd-84-69-9","2021-03-18"
"69238","Saint-Symphorien-sur-Coise","pvd-84-69-10","2021-03-18"
"69248","Thizy-les-Bourgs","pvd-84-69-11","2021-04-27"
"69287","Saint-Bonnet-de-Mure","pvd-84-69-12","2021-07-16"
"69288","Saint-Laurent-de-Mure","pvd-84-69-15","2021-07-16"
"69289","Saint-Pierre-de-Chandieu","pvd-84-69-14","2021-07-16"
"70026","Arc-lès-Gray","pvd-27-70-1","2021-08-23"
"70120","Champagney","pvd-27-70-2","2021-07-13"
"70122","Champlitte","pvd-27-70-3","2021-08-27"
"70198","Dampierre-sur-Salon","pvd-27-70-4","2021-08-27"
"70228","Faverney","pvd-27-70-5","2021-08-23"
"70279","Gray","pvd-27-70-15","2021-08-23"
"70285","Héricourt","pvd-27-70-7","2021-07-22"
"70292","Jussey","pvd-27-70-8","2021-08-23"
"70310","Lure","pvd-27-70-9","2021-07-13"
"70311","Luxeuil-les-Bains","pvd-27-70-10","2021-12-27"
"7042","Bourg-Saint-Andéol","pvd-84-07-1","2021-05-20"
"70421","Port-sur-Saône","pvd-27-70-11","2021-08-23"
"70451","Ronchamp","pvd-27-70-16","2021-07-13"
"70467","Saint-Loup-sur-Semouse","pvd-27-70-13","2021-12-20"
"70482","Scey-sur-Saône-et-Saint-Albin","pvd-27-70-14","2021-08-23"
"7064","Le Cheylard","pvd-84-07-13","2021-05-03"
"71047","Bourbon-Lancy","pvd-27-71-1","2021-10-04"
"71073","Chagny","pvd-27-71-2","2021-07-05"
"71106","Charolles","pvd-27-71-3","2021-10-15"
"71120","Chauffailles","pvd-27-71-4","2021-05-28"
"71133","La Clayette","pvd-27-71-5","2021-05-28"
"71137","Cluny","pvd-27-71-6","2021-07-27"
"71157","Cuiseaux","pvd-27-71-7","2021-07-05"
"71158","Cuisery","pvd-27-71-8","2021-07-05"
"71176","Digoin","pvd-27-71-9","2021-10-15"
"71178","Dompierre-les-Ormes","pvd-27-71-10","2021-07-05"
"71190","Épinac","pvd-27-71-11","2021-07-05"
"71192","Étang-sur-Arroux","pvd-27-71-12","2021-07-05"
"71230","Gueugnon","pvd-27-71-13","2021-10-04"
"71263","Louhans","pvd-27-71-14","2021-07-05"
"71289","Matour","pvd-27-71-15","2021-07-05"
"71310","Montchanin","pvd-27-71-16","2021-07-05"
"7132","Largentière","pvd-84-07-3","2021-07-01"
"71342","Paray-le-Monial","pvd-27-71-17","2021-10-15"
"71350","Pierreclos","pvd-27-71-18","2021-07-05"
"71351","Pierre-de-Bresse","pvd-27-71-19","2021-07-05"
"71394","Saint-Bonnet-de-Joux","pvd-27-71-20","2021-10-15"
"71512","Sennecey-le-Grand","pvd-27-71-21","2021-05-26"
"71543","Tournus","pvd-27-71-22","2021-07-05"
"71545","Tramayes","pvd-27-71-23","2021-07-05"
"71566","Verdun-sur-le-Doubs","pvd-27-71-24","2021-07-05"
"7181","Le Pouzin","pvd-84-07-4","2021-04-22"
"7201","Ruoms","pvd-84-07-5","2021-05-26"
"72023","Ballon-Saint Mars","pvd-52-72-1","2021-07-12"
"72029","Beaumont-sur-Sarthe","pvd-52-72-32","2023-09-19"
"72035","Bessé-sur-Braye","pvd-52-72-2","2021-04-15"
"72039","Bonnétable","pvd-52-72-3",
"7204","Saint-Agrève","pvd-84-07-14","2021-05-03"
"72042","Bouloire","pvd-52-72-4","2021-10-21"
"72050","Brûlon","pvd-52-72-5","2021-06-10"
"72068","La Chartre-sur-le-Loir","pvd-52-72-6","2021-06-03"
"72071","Montval-sur-Loir","pvd-52-72-7","2021-06-03"
"72090","Connerré","pvd-52-72-9","2021-10-21"
"72124","Écommoy","pvd-52-72-10","2021-06-02"
"72132","La Ferté-Bernard","pvd-52-72-11","2021-07-15"
"72138","Fresnay-sur-Sarthe","pvd-52-72-12","2021-09-14"
"72143","Le Grand-Lucé","pvd-52-72-13","2021-06-03"
"72168","Loué","pvd-52-72-14","2021-06-10"
"72176","Le Lude","pvd-52-72-15","2021-06-01"
"72179","Malicorne-sur-Sarthe","pvd-52-72-16","2021-10-06"
"72180","Mamers","pvd-52-72-17",
"72189","Marolles-les-Braults","pvd-52-72-18",
"72191","Mayet","pvd-52-72-19","2021-06-01"
"72205","Montbizot","pvd-52-72-20","2021-07-12"
"72223","Noyen-sur-Sarthe","pvd-52-72-21","2021-06-10"
"72231","Parigné-l'Évêque","pvd-52-72-22","2021-10-27"
"72241","Montfort-le-Gesnois","pvd-52-72-23","2021-10-21"
"72269","Saint-Calais","pvd-52-72-24","2021-04-15"
"72276","Saint-Cosme-en-Vairais","pvd-52-72-25",
"72289","Sainte-Jamme-sur-Sarthe","pvd-52-72-31","2021-07-12"
"72329","Savigné-l'Évêque","pvd-52-72-27","2021-10-21"
"72334","Sillé-le-Guillaume","pvd-52-72-28","2021-08-25"
"72363","Tuffé Val de la Chéronne","pvd-52-72-29","2021-07-15"
"72373","Vibraye","pvd-52-72-30","2021-04-15"
"73010","Entrelacs","pvd-84-73-1","2021-05-26"
"73011","Albertville","pvd-84-73-2","2021-07-12"
"73054","Bourg-Saint-Maurice","pvd-84-73-3","2021-05-27"
"73105","Les Échelles","pvd-84-73-4","2021-05-28"
"73117","Fourneaux","pvd-84-73-5","2021-06-03"
"73157","Modane","pvd-84-73-15","2021-06-03"
"73171","Montmélian","pvd-84-73-7","2021-07-01"
"73181","Moûtiers","pvd-84-73-8","2021-07-01"
"7319","Le Teil","pvd-84-07-7","2021-06-24"
"73204","Le Pont-de-Beauvoisin","pvd-84-3873-10","2021-05-10"
"73215","Valgelon-La Rochette","pvd-84-73-16","2021-07-01"
"73236","Saint-Genix-les-Villages","pvd-84-73-11","2021-05-10"
"7324","Tournon-sur-Rhône","pvd-84-07-8","2022-01-07"
"73248","Saint-Jean-de-Maurienne","pvd-84-73-12","2021-05-06"
"73270","Saint-Pierre-d'Albigny","pvd-84-73-17","2021-07-01"
"7330","Vallon-Pont-d'Arc","pvd-84-07-16","2021-05-26"
"73303","Ugine","pvd-84-73-14","2021-05-20"
"7334","Les Vans","pvd-84-07-10","2021-11-30"
"7341","Villeneuve-de-Berg","pvd-84-07-11","2021-04-28"
"7346","Viviers","pvd-84-07-12","2021-05-20"
"7349","La Voulte-sur-Rhône","pvd-84-07-15","2021-04-22"
"74002","Alby-sur-Chéran","pvd-84-74-1","2021-07-09"
"74026","La Balme-de-Sillingy","pvd-84-74-2","2021-09-02"
"74042","Bonneville","pvd-84-74-3","2021-06-21"
"74043","Bons-en-Chablais","pvd-84-74-23","2022-11-06"
"74056","Chamonix-Mont-Blanc","pvd-84-74-4","2021-09-06"
"74081","Cluses","pvd-84-74-5","2021-06-30"
"74096","Cruseilles","pvd-84-74-6","2021-12-30"
"74119","Évian-les-Bains","pvd-84-74-7","2021-06-21"
"74123","Faverges-Seythenex","pvd-84-74-8","2021-06-08"
"74137","Groisy","pvd-84-74-18","2021-07-09"
"74164","Marignier","pvd-84-74-10","2021-06-21"
"74169","Marnaz","pvd-84-74-21","2021-06-30"
"74224","La Roche-sur-Foron","pvd-84-74-12","2021-07-09"
"74241","Saint-Jeoire","pvd-84-74-13","2021-12-30"
"74256","Sallanches","pvd-84-74-14","2022-01-19"
"74264","Scionzier","pvd-84-74-22","2021-06-30"
"74276","Taninges","pvd-84-74-16","2021-06-30"
"74280","Thônes","pvd-84-74-17","2021-06-21"
"74282","Fillière","pvd-84-74-19","2021-07-09"
"74311","Viuz-en-Sallaz","pvd-84-74-20","2021-12-30"
"76034","Val-de-Scie","pvd-28-76-1","2021-07-16"
"76035","Aumale","pvd-28-76-2","2021-09-22"
"76051","Bacqueville-en-Caux","pvd-28-76-3","2021-07-16"
"76057","Barentin","pvd-28-76-4","2021-06-08"
"76114","Bolbec","pvd-28-76-5","2021-06-08"
"76159","Cany-Barville","pvd-28-76-7","2021-08-17"
"76164","Rives-en-Seine","pvd-28-76-8","2021-06-08"
"76196","Criquetot-l'Esneval","pvd-28-76-9","2021-10-08"
"76219","Doudeville","pvd-28-76-10","2021-07-16"
"76222","Duclair","pvd-28-76-11","2021-07-16"
"76254","Étretat","pvd-28-76-12","2021-10-08"
"76255","Eu","pvd-28-76-13","2021-10-26"
"76258","Terres-de-Caux","pvd-28-76-14","2021-06-08"
"76276","Forges-les-Eaux","pvd-28-76-15","2021-10-26"
"76302","Goderville","pvd-28-76-16","2021-07-16"
"76312","Gournay-en-Bray","pvd-28-76-17","2021-10-26"
"76329","Gruchet-le-Valasse","pvd-28-76-18","2021-06-08"
"76392","Londinières","pvd-28-76-19","2021-07-16"
"76400","Luneray","pvd-28-76-20","2021-07-16"
"76462","Neufchâtel-en-Bray","pvd-28-76-21","2021-09-13"
"76495","Pavilly","pvd-28-76-22","2021-06-08"
"76647","Saint-Romain-de-Colbosc","pvd-28-76-23","2021-10-08"
"76648","Saint-Saëns","pvd-28-76-24","2021-09-13"
"76655","Saint-Valery-en-Caux","pvd-28-76-25","2021-08-17"
"76700","Tôtes","pvd-28-76-26","2021-07-16"
"76709","Le Trait","pvd-28-76-27","2021-07-16"
"76711","Le Tréport","pvd-28-76-28","2021-10-26"
"76752","Yerville","pvd-28-76-29","2021-07-16"
"76758","Yvetot","pvd-28-76-30","2021-10-25"
"77051","Bray-sur-Seine","pvd-11-77-1","2021-06-22"
"77053","Brie-Comte-Robert","pvd-11-77-2","2021-06-09"
"77079","Champagne-sur-Seine","pvd-11-77-3","2021-06-02"
"77100","Le Châtelet-en-Brie","pvd-11-77-4","2021-06-22"
"77142","Crécy-la-Chapelle","pvd-11-77-5","2021-06-23"
"77159","Donnemarie-Dontilly","pvd-11-77-6","2021-07-08"
"77182","La Ferté-Gaucher","pvd-11-77-7","2021-06-23"
"77183","La Ferté-sous-Jouarre","pvd-11-77-8","2021-06-23"
"77296","Moissy-Cramayel","pvd-11-77-9","2021-04-07"
"77316","Moret-Loing-et-Orvanne","pvd-11-77-10","2021-06-22"
"77327","Nangis","pvd-11-77-11","2021-05-28"
"77379","Provins","pvd-11-77-12","2021-06-24"
"77385","Rebais","pvd-11-77-13","2021-06-23"
"77458","Souppes-sur-Loing","pvd-11-77-14","2021-06-22"
"77475","Trilport","pvd-11-77-15","2021-06-29"
"78003","Ablis","pvd-11-78-1","2021-07-16"
"78062","Beynes","pvd-11-78-2","2021-05-26"
"78089","Bonnières-sur-Seine","pvd-11-78-3","2021-08-02"
"78217","Épône","pvd-11-78-4","2021-10-01"
"78255","Freneuse","pvd-11-78-9","2021-08-02"
"78310","Houdan","pvd-11-78-6","2021-06-30"
"78321","Jouars-Pontchartrain","pvd-11-78-7","2021-05-26"
"78380","Maule","pvd-11-78-8","2021-05-27"
"78402","Mézières-sur-Seine","pvd-11-78-12","2021-10-01"
"78531","Rosny-sur-Seine","pvd-11-78-10","2021-10-01"
"78537","Saint-Arnoult-en-Yvelines","pvd-11-78-11","2021-07-16"
"79005","Airvault","pvd-75-79-1","2021-06-16"
"79013","Argentonnay","pvd-75-79-2","2021-09-16"
"79057","Brioux-sur-Boutonne","pvd-75-79-3","2021-07-30"
"79062","Cerizay","pvd-75-79-4","2021-09-16"
"79079","Mauléon","pvd-75-79-5","2021-09-16"
"79083","Chef-Boutonne","pvd-75-79-6","2021-07-30"
"79101","Coulonges-sur-l'Autize","pvd-75-79-7","2021-05-27"
"79148","Lezay","pvd-75-79-8","2021-07-30"
"79170","Mauzé-sur-le-Mignon","pvd-75-79-9","2021-07-05"
"79174","Melle","pvd-75-79-10","2021-07-30"
"79179","Moncoutant-sur-Sèvre","pvd-75-79-11","2021-09-16"
"79195","Nueil-les-Aubiers","pvd-75-79-12","2021-09-16"
"79202","Parthenay","pvd-75-79-13","2021-08-16"
"79270","Saint-Maixent-l'École","pvd-75-79-14","2021-06-28"
"79299","Saint-Varent","pvd-75-79-15","2021-06-04"
"79307","Sauzé-Vaussais","pvd-75-79-16","2021-07-30"
"79311","Secondigny","pvd-75-79-17","2021-08-16"
"79329","Thouars","pvd-75-79-18","2021-06-04"
"80010","Ailly-sur-Noye","pvd-32-80-1","2022-01-28"
"80013","Airaines","pvd-32-80-2","2021-09-13"
"80182","Cayeux-sur-Mer","pvd-32-80-3","2021-09-30"
"80186","Chaulnes","pvd-32-80-4","2021-09-06"
"80211","Conty","pvd-32-80-5","2021-09-13"
"80212","Corbie","pvd-32-80-6","2021-05-27"
"80222","Crécy-en-Ponthieu","pvd-32-80-7","2021-07-29"
"8025","Attigny","pvd-44-08-1","2021-11-18"
"80253","Doullens","pvd-32-80-8","2021-03-31"
"80318","Flixecourt","pvd-32-80-9","2021-06-30"
"80368","Friville-Escarbotin","pvd-32-80-10","2021-06-28"
"80410","Ham","pvd-32-80-11","2021-02-01"
"80570","Moreuil","pvd-32-80-12","2022-01-28"
"80585","Nesle","pvd-32-80-13","2021-02-01"
"80606","Oisemont","pvd-32-80-14","2021-09-13"
"80620","Péronne","pvd-32-80-15","2021-09-13"
"80630","Poix-de-Picardie","pvd-32-80-16","2021-09-13"
"80680","Rosières-en-Santerre","pvd-32-80-18","2021-09-06"
"80685","Roye","pvd-32-80-19","2021-06-15"
"80688","Rue","pvd-32-80-20","2021-07-29"
"80721","Saint-Valery-sur-Somme","pvd-32-80-21","2021-09-30"
"8081","Bogny-sur-Meuse","pvd-44-08-2","2021-06-24"
"8090","Carignan","pvd-44-08-3","2021-07-30"
"81003","Alban","pvd-76-81-1","2021-06-29"
"81033","Blaye-les-Mines","pvd-76-81-2","2021-08-18"
"81037","Brassac","pvd-76-81-3","2021-04-29"
"81060","Carmaux","pvd-76-81-4","2021-08-18"
"81069","Cordes-sur-Ciel","pvd-76-81-5","2021-08-02"
"81099","Gaillac","pvd-76-81-6","2021-11-08"
"81105","Graulhet","pvd-76-81-7","2021-09-07"
"81124","Lacaune","pvd-76-81-8","2021-04-29"
"81140","Lavaur","pvd-76-81-9","2022-04-28"
"81145","Lisle-sur-Tarn","pvd-76-81-10","2021-11-08"
"81192","Murat-sur-Vèbre","pvd-76-81-11","2021-04-29"
"81219","Puylaurens","pvd-76-81-12","2021-07-15"
"81220","Rabastens","pvd-76-81-13","2021-11-08"
"81222","Réalmont","pvd-76-81-14","2021-07-16"
"81271","Saint-Sulpice-la-Pointe","pvd-76-81-15","2021-06-11"
"8185","Fumay","pvd-44-08-4","2021-12-20"
"8190","Givet","pvd-44-08-19","2021-12-20"
"82013","Beaumont-de-Lomagne","pvd-76-82-1","2021-06-18"
"82022","Bourg-de-Visa","pvd-76-82-2","2021-07-08"
"82037","Caussade","pvd-76-82-3","2021-05-28"
"82038","Caylus","pvd-76-82-4","2021-06-18"
"82042","Cazes-Mondenard","pvd-76-82-5","2021-07-08"
"82087","Lafrançaise","pvd-76-82-6","2021-06-18"
"82094","Lauzerte","pvd-76-82-7","2021-07-08"
"82097","Lavit","pvd-76-82-8","2021-06-18"
"82112","Moissac","pvd-76-82-9","2021-06-29"
"82115","Monclar-de-Quercy","pvd-76-82-10","2021-07-30"
"82117","Montaigu-de-Quercy","pvd-76-82-11","2021-07-08"
"82134","Nègrepelisse","pvd-76-82-12","2021-07-30"
"82151","Roquecor","pvd-76-82-13","2021-07-08"
"82155","Saint-Antonin-Noble-Val","pvd-76-82-14","2021-06-18"
"82186","Valence","pvd-76-82-15","2021-07-08"
"83004","Les Arcs","pvd-93-83-1","2021-06-09"
"83007","Aups","pvd-93-83-2","2021-05-17"
"83012","Barjols","pvd-93-83-3","2021-05-06"
"83016","Le Beausset","pvd-93-83-4","2021-07-05"
"8302","Monthermé","pvd-44-08-17","2021-06-24"
"83031","Le Cannet-des-Maures","pvd-93-83-5","2021-08-12"
"83042","Cogolin","pvd-93-83-6","2021-06-01"
"83071","La Londe-les-Maures","pvd-93-83-7","2021-05-26"
"83072","Lorgues","pvd-93-83-8","2021-06-09"
"83073","Le Luc","pvd-93-83-15","2021-08-12"
"83086","Le Muy","pvd-93-83-14","2021-06-09"
"83107","Roquebrune-sur-Argens","pvd-93-83-11","2021-04-29"
"8311","Mouzon","pvd-44-08-18","2021-07-30"
"83116","Saint-Maximin-la-Sainte-Baume","pvd-93-83-12","2021-02-19"
"83121","Salernes","pvd-93-83-13","2021-06-09"
"8328","Nouzonville","pvd-44-08-8","2021-10-20"
"8362","Rethel","pvd-44-08-9","2021-12-29"
"8363","Revin","pvd-44-08-20","2021-12-20"
"8367","Rocroi","pvd-44-08-23","2021-06-24"
"84003","Apt","pvd-93-84-1","2021-05-12"
"84004","Aubignan","pvd-93-84-2","2021-06-04"
"84019","Bollène","pvd-93-84-3","2021-07-02"
"84026","Cadenet","pvd-93-84-4","2021-06-22"
"84054","L'Isle-sur-la-Sorgue","pvd-93-84-5","2021-06-16"
"84069","Malaucène","pvd-93-84-16","2021-06-04"
"84072","Mazan","pvd-93-84-17","2021-06-04"
"84076","Mirabeau","pvd-93-84-18","2021-06-22"
"84080","Monteux","pvd-93-84-9","2021-06-07"
"84088","Pernes-les-Fontaines","pvd-93-84-20","2021-06-07"
"84123","Sault","pvd-93-84-11","2021-06-22"
"84129","Sorgues","pvd-93-84-21","2021-06-07"
"84133","La Tour-d'Aigues","pvd-93-84-19","2021-06-22"
"84137","Vaison-la-Romaine","pvd-93-84-14","2021-06-08"
"84138","Valréas","pvd-93-84-15","2021-07-05"
"8419","Signy-l'Abbaye","pvd-44-08-16","2021-11-18"
"8420","Signy-le-Petit","pvd-44-08-13","2021-06-25"
"8486","Vireux-Molhain","pvd-44-08-21","2021-12-20"
"8490","Vouziers","pvd-44-08-15","2021-07-15"
"8491","Vrigne aux Bois","pvd-44-08-22","2021-10-20"
"85003","Aizenay","pvd-52-85-1","2021-04-02"
"85018","Beauvoir-sur-Mer","pvd-52-85-2","2021-04-15"
"85020","Benet","pvd-52-85-3","2021-04-14"
"85047","Challans","pvd-52-85-4","2021-04-15"
"85051","Chantonnay","pvd-52-85-5","2021-05-07"
"85059","La Châtaigneraie","pvd-52-85-6","2021-05-03"
"85065","Chavagnes-en-Paillers","pvd-52-85-7","2021-03-25"
"85070","Coëx","pvd-52-85-8","2021-04-12"
"85109","Les Herbiers","pvd-52-85-9","2021-05-11"
"85113","L'Île-d'Yeu","pvd-52-85-10","2021-05-19"
"85128","Luçon","pvd-52-85-11","2021-03-25"
"85135","Mareuil-sur-Lay-Dissais","pvd-52-85-12","2021-03-25"
"85151","Mortagne-sur-Sèvre","pvd-52-85-13","2021-06-01"
"85152","Les Achards","pvd-52-85-14","2021-04-16"
"85154","Mouilleron-Saint-Germain","pvd-52-85-15","2021-05-03"
"85156","Moutiers-les-Mauxfaits","pvd-52-85-16","2021-04-16"
"85182","Pouzauges","pvd-52-85-17","2021-03-30"
"85215","Saint-Fulgent","pvd-52-85-18","2021-03-25"
"85222","Saint-Gilles-Croix-de-Vie","pvd-52-85-19","2021-04-12"
"85226","Saint-Hilaire-de-Riez","pvd-52-85-20","2021-04-12"
"85288","Talmont-Saint-Hilaire","pvd-52-85-21","2021-04-16"
"86070","Chauvigny","pvd-75-86-1","2021-07-26"
"86078","Civray","pvd-75-86-2","2021-04-20"
"86082","Valence-en-Poitou","pvd-75-86-3","2021-04-20"
"86092","Dangé-Saint-Romain","pvd-75-86-4","2021-08-12"
"86103","Gençay","pvd-75-86-5","2021-04-20"
"86112","L'Isle-Jourdain","pvd-75-86-6","2021-05-18"
"86128","Lencloître","pvd-75-86-7","2021-08-12"
"86137","Loudun","pvd-75-86-8","2021-05-25"
"86139","Lusignan","pvd-75-86-9","2021-07-26"
"86140","Lussac-les-Châteaux","pvd-75-86-10","2021-05-18"
"86160","Mirebeau","pvd-75-86-11","2021-06-28"
"86165","Montmorillon","pvd-75-86-12","2021-05-18"
"86193","Pleumartin","pvd-75-86-13","2021-08-12"
"86207","La Roche-Posay","pvd-75-86-14","2021-08-12"
"87011","Bellac","pvd-75-87-1","2021-05-07"
"87032","Châlus","pvd-75-87-2","2021-06-30"
"87040","Châteauneuf-la-Forêt","pvd-75-87-3","2021-06-21"
"87041","Châteauponsac","pvd-75-87-4","2021-04-15"
"87059","Le Dorat","pvd-75-87-12","2021-05-07"
"87064","Eymoutiers","pvd-75-87-6","2021-06-09"
"87106","Nexon","pvd-75-87-13","2021-06-30"
"87126","Rochechouart","pvd-75-87-8","2021-05-12"
"87154","Saint-Junien","pvd-75-87-14","2021-05-12"
"87161","Saint-Léonard-de-Noblat","pvd-75-87-10","2021-04-29"
"87187","Saint-Yrieix-la-Perche","pvd-75-87-11","2021-04-15"
"88029","La Vôge-les-Bains","pvd-44-88-1","2021-07-22"
"88078","Bruyères","pvd-44-88-2","2022-05-20"
"88090","Charmes","pvd-44-88-3","2021-07-22"
"88095","Châtenois","pvd-44-88-4","2021-11-25"
"88114","Contrexéville","pvd-44-88-5","2021-11-26"
"88124","Darney","pvd-44-88-6","2021-10-27"
"88181","Fraize","pvd-44-88-7","2021-10-11"
"88258","Lamarche","pvd-44-88-8","2021-10-27"
"88304","Mirecourt","pvd-44-88-9","2021-11-19"
"88310","Monthureux-sur-Saône","pvd-44-88-10","2021-10-27"
"88321","Neufchâteau","pvd-44-88-11","2021-11-25"
"88349","Plainfaing","pvd-44-88-22","2021-10-11"
"88351","Plombières-les-Bains","pvd-44-88-13","2021-05-25"
"88367","Rambervillers","pvd-44-88-14","2021-12-16"
"88372","Raon-l'Étape","pvd-44-88-15","2021-10-11"
"88383","Remiremont","pvd-44-88-16","2021-05-25"
"88487","Le Val-d'Ajol","pvd-44-88-17","2021-05-25"
"88516","Vittel","pvd-44-88-21","2021-11-26"
"88530","Xertigny","pvd-44-88-19","2021-07-22"
"89025","Avallon","pvd-27-89-1","2021-04-26"
"89046","Bléneau","pvd-27-89-2","2021-04-13"
"89073","Champignelles","pvd-27-89-3","2021-04-13"
"89086","Charny Orée de Puisaye","pvd-27-89-4","2021-04-13"
"89125","Courson-les-Carrières","pvd-27-89-5","2021-04-13"
"89206","Joigny","pvd-27-89-6","2021-04-29"
"89257","Migennes","pvd-27-89-7","2021-04-10"
"89344","Saint-Fargeau","pvd-27-89-8","2021-04-13"
"89345","Saint-Florentin","pvd-27-89-9","2021-04-01"
"89368","Saint-Sauveur-en-Puisaye","pvd-27-89-10","2021-04-13"
"89418","Tonnerre","pvd-27-89-11","2021-04-12"
"89419","Toucy","pvd-27-89-12","2021-04-13"
"89461","Villeneuve-l'Archevêque","pvd-27-89-13","2021-05-04"
"90009","Beaucourt","pvd-27-90-1","2021-05-27"
"90033","Delle","pvd-27-90-6","2021-05-27"
"90052","Giromagny","pvd-27-90-3","2021-05-27"
"90053","Grandvillars","pvd-27-90-5","2021-05-27"
"9032","Ax-les-Thermes","pvd-76-09-1","2021-08-24"
"91016","Angerville","pvd-11-91-1","2021-05-11"
"91045","Ballancourt-sur-Essonne","pvd-11-91-2","2021-05-11"
"91105","Breuillet","pvd-11-91-3","2021-05-11"
"91111","Briis-sous-Forges","pvd-11-91-4","2021-06-04"
"91200","Dourdan","pvd-11-91-5","2021-05-11"
"91232","La Ferté-Alais","pvd-11-91-7","2021-05-11"
"91338","Limours","pvd-11-91-10","2021-06-04"
"91359","Maisse","pvd-11-91-9","2021-08-07"
"91405","Milly-la-Forêt","pvd-11-91-11","2021-08-07"
"9160","Lavelanet","pvd-76-09-2","2021-08-04"
"9167","Lézat-sur-Lèze","pvd-76-09-3","2021-09-30"
"9185","Mazères","pvd-76-09-4","2021-04-01"
"9194","Mirepoix","pvd-76-09-5","2021-06-11"
"9261","Saint-Girons","pvd-76-09-6","2021-08-27"
"9282","Saverdun","pvd-76-09-7","2021-04-01"
"9306","Tarascon-sur-Ariège","pvd-76-09-8","2022-02-14"
"95250","Fosses","pvd-11-95-1","2021-09-30"
"95351","Louvres","pvd-11-95-2","2021-11-05"
"95355","Magny-en-Vexin","pvd-11-95-3","2021-09-17"
"95370","Marines","pvd-11-95-4","2021-09-17"
"95652","Viarmes","pvd-11-95-5","2021-09-13"
"97106","Bouillante","pvd-01-971-1","2021-05-28"
"97115","Lamentin","pvd-01-971-2","2021-05-28"
"97116","Morne-à-l'Eau","pvd-01-971-3","2021-05-28"
"97117","Le Moule","pvd-01-971-8","2021-05-28"
"97128","Sainte-Anne","pvd-01-971-5","2021-05-28"
"97130","Terre-de-Bas","pvd-01-971-6","2021-05-28"
"97131","Terre-de-Haut","pvd-01-971-7","2021-05-28"
"97202","Les Anses-d'Arlet","pvd-02-972-1","2021-05-28"
"97204","Le Carbet","pvd-02-972-2","2021-05-28"
"97220","Rivière-Pilote","pvd-02-972-3","2021-05-28"
"97223","Saint-Esprit","pvd-02-972-10","2021-05-28"
"97225","Saint-Pierre","pvd-02-972-9","2021-05-28"
"97227","Sainte-Luce","pvd-02-972-11","2021-05-28"
"97228","Sainte-Marie","pvd-02-972-7","2021-05-28"
"97230","La Trinité","pvd-02-972-13","2021-05-28"
"97231","Les Trois-Îlets","pvd-02-972-8","2021-05-28"
"97232","Le Vauclin","pvd-02-972-12","2021-05-28"
"97308","Saint-Georges","pvd-03-973-1","2021-02-24"
"97353","Maripasoula","pvd-03-973-2","2021-03-30"
"97357","Grand-Santi","pvd-03-973-3","2021-03-30"
"97362","Papaichton","pvd-03-973-4","2021-03-30"
"97401","Les Avirons","pvd-04-974-1","2022-04-08"
"97402","Bras-Panon","pvd-04-974-2","2021-10-05"
"97403","Entre-Deux","pvd-04-974-3","2022-02-24"
"97404","L'Étang-Salé","pvd-04-974-4","2022-04-08"
"97405","Petite-Île","pvd-04-974-5","2022-04-08"
"97406","La Plaine-des-Palmistes","pvd-04-974-6","2021-10-05"
"97417","Saint-Philippe","pvd-04-974-7","2022-02-24"
"97419","Sainte-Rose","pvd-04-974-8","2021-09-23"
"97421","Salazie","pvd-04-974-9","2021-09-23"
"97423","Les Trois-Bassins","pvd-04-974-10","2021-09-23"
"97424","Cilaos","pvd-04-974-11","2022-04-08"
"97602","Bandraboua","pvd-06-976-1","2021-06-13"
"97603","Bandrele","pvd-06-976-2","2021-06-30"
"97614","Ouangani","pvd-06-976-3","2021-07-13"
